GeoAreaCode,GeoAreaName,TimePeriod,Value,Time_Detail,Units
1,World,2000,1351.51,2000,USD_Millions_2016_Value
1,World,2001,1315.12,2001,USD_Millions_2016_Value
1,World,2002,1188.27,2002,USD_Millions_2016_Value
1,World,2003,2956.9,2003,USD_Millions_2016_Value
1,World,2004,2096.28,2004,USD_Millions_2016_Value
1,World,2005,1808.22,2005,USD_Millions_2016_Value
1,World,2006,2901.65,2006,USD_Millions_2016_Value
1,World,2007,3958.63,2007,USD_Millions_2016_Value
1,World,2008,2391.7,2008,USD_Millions_2016_Value
1,World,2009,3683.77,2009,USD_Millions_2016_Value
1,World,2010,9899.97,2010,USD_Millions_2016_Value
1,World,2011,10233.1,2011,USD_Millions_2016_Value
1,World,2012,10174.86,2012,USD_Millions_2016_Value
1,World,2013,12950.85,2013,USD_Millions_2016_Value
1,World,2014,15444.14,2014,USD_Millions_2016_Value
1,World,2015,14512.32,2015,USD_Millions_2016_Value
1,World,2016,18592.15,2016,USD_Millions_2016_Value
4,Afghanistan,2000,0.02,2000,USD_Millions_2016_Value
4,Afghanistan,2001,0.12,2001,USD_Millions_2016_Value
4,Afghanistan,2002,3.7,2002,USD_Millions_2016_Value
4,Afghanistan,2003,24.88,2003,USD_Millions_2016_Value
4,Afghanistan,2005,9.35,2005,USD_Millions_2016_Value
4,Afghanistan,2006,10.16,2006,USD_Millions_2016_Value
4,Afghanistan,2007,14.79,2007,USD_Millions_2016_Value
4,Afghanistan,2008,15.19,2008,USD_Millions_2016_Value
4,Afghanistan,2009,9.39,2009,USD_Millions_2016_Value
4,Afghanistan,2010,34.8,2010,USD_Millions_2016_Value
4,Afghanistan,2011,27.71,2011,USD_Millions_2016_Value
4,Afghanistan,2012,59.9,2012,USD_Millions_2016_Value
4,Afghanistan,2013,256.32,2013,USD_Millions_2016_Value
4,Afghanistan,2014,6.59,2014,USD_Millions_2016_Value
4,Afghanistan,2015,4.6,2015,USD_Millions_2016_Value
4,Afghanistan,2016,0.84,2016,USD_Millions_2016_Value
12,Algeria,2001,0.78,2001,USD_Millions_2016_Value
12,Algeria,2002,0.29,2002,USD_Millions_2016_Value
12,Algeria,2003,0.09,2003,USD_Millions_2016_Value
12,Algeria,2004,0.13,2004,USD_Millions_2016_Value
12,Algeria,2005,0.15,2005,USD_Millions_2016_Value
12,Algeria,2009,2.07,2009,USD_Millions_2016_Value
12,Algeria,2010,0.39,2010,USD_Millions_2016_Value
12,Algeria,2011,0,2011,USD_Millions_2016_Value
12,Algeria,2012,0.94,2012,USD_Millions_2016_Value
12,Algeria,2013,0.94,2013,USD_Millions_2016_Value
12,Algeria,2014,0.93,2014,USD_Millions_2016_Value
12,Algeria,2015,0.88,2015,USD_Millions_2016_Value
12,Algeria,2016,0.16,2016,USD_Millions_2016_Value
24,Angola,2003,0.04,2003,USD_Millions_2016_Value
24,Angola,2004,0.04,2004,USD_Millions_2016_Value
24,Angola,2007,0.72,2007,USD_Millions_2016_Value
24,Angola,2010,0.02,2010,USD_Millions_2016_Value
24,Angola,2011,0.21,2011,USD_Millions_2016_Value
24,Angola,2012,0.01,2012,USD_Millions_2016_Value
24,Angola,2015,0.01,2015,USD_Millions_2016_Value
24,Angola,2016,90.15,2016,USD_Millions_2016_Value
28,Antigua and Barbuda,2013,2.48,2013,USD_Millions_2016_Value
28,Antigua and Barbuda,2015,6.7,2015,USD_Millions_2016_Value
31,Azerbaijan,2000,4.62,2000,USD_Millions_2016_Value
31,Azerbaijan,2005,2.14,2005,USD_Millions_2016_Value
31,Azerbaijan,2006,0.46,2006,USD_Millions_2016_Value
31,Azerbaijan,2009,0.16,2009,USD_Millions_2016_Value
31,Azerbaijan,2010,179.56,2010,USD_Millions_2016_Value
31,Azerbaijan,2011,0.02,2011,USD_Millions_2016_Value
31,Azerbaijan,2014,0.02,2014,USD_Millions_2016_Value
31,Azerbaijan,2015,74.68,2015,USD_Millions_2016_Value
31,Azerbaijan,2016,0.01,2016,USD_Millions_2016_Value
32,Argentina,2001,3.72,2001,USD_Millions_2016_Value
32,Argentina,2003,0.05,2003,USD_Millions_2016_Value
32,Argentina,2004,39.28,2004,USD_Millions_2016_Value
32,Argentina,2005,0.26,2005,USD_Millions_2016_Value
32,Argentina,2006,0.41,2006,USD_Millions_2016_Value
32,Argentina,2007,0.34,2007,USD_Millions_2016_Value
32,Argentina,2008,21.97,2008,USD_Millions_2016_Value
32,Argentina,2009,37.43,2009,USD_Millions_2016_Value
32,Argentina,2010,0.98,2010,USD_Millions_2016_Value
32,Argentina,2011,66.41,2011,USD_Millions_2016_Value
32,Argentina,2012,243.57,2012,USD_Millions_2016_Value
32,Argentina,2013,45.98,2013,USD_Millions_2016_Value
32,Argentina,2014,4401.81,2014,USD_Millions_2016_Value
32,Argentina,2015,589.08,2015,USD_Millions_2016_Value
32,Argentina,2016,240.02,2016,USD_Millions_2016_Value
50,Bangladesh,2000,2.83,2000,USD_Millions_2016_Value
50,Bangladesh,2002,30.93,2002,USD_Millions_2016_Value
50,Bangladesh,2003,44.82,2003,USD_Millions_2016_Value
50,Bangladesh,2004,16.47,2004,USD_Millions_2016_Value
50,Bangladesh,2005,37.28,2005,USD_Millions_2016_Value
50,Bangladesh,2006,0.02,2006,USD_Millions_2016_Value
50,Bangladesh,2007,47.81,2007,USD_Millions_2016_Value
50,Bangladesh,2008,0.01,2008,USD_Millions_2016_Value
50,Bangladesh,2009,26.5,2009,USD_Millions_2016_Value
50,Bangladesh,2010,0.18,2010,USD_Millions_2016_Value
50,Bangladesh,2011,226.99,2011,USD_Millions_2016_Value
50,Bangladesh,2012,143.1,2012,USD_Millions_2016_Value
50,Bangladesh,2013,112.61,2013,USD_Millions_2016_Value
50,Bangladesh,2014,86.81,2014,USD_Millions_2016_Value
50,Bangladesh,2015,7.25,2015,USD_Millions_2016_Value
50,Bangladesh,2016,336.46,2016,USD_Millions_2016_Value
51,Armenia,2001,7.19,2001,USD_Millions_2016_Value
51,Armenia,2002,0.05,2002,USD_Millions_2016_Value
51,Armenia,2003,2.67,2003,USD_Millions_2016_Value
51,Armenia,2004,9.69,2004,USD_Millions_2016_Value
51,Armenia,2005,2.93,2005,USD_Millions_2016_Value
51,Armenia,2006,5.66,2006,USD_Millions_2016_Value
51,Armenia,2007,1.48,2007,USD_Millions_2016_Value
51,Armenia,2008,0.09,2008,USD_Millions_2016_Value
51,Armenia,2009,0.43,2009,USD_Millions_2016_Value
51,Armenia,2010,86.83,2010,USD_Millions_2016_Value
51,Armenia,2011,0.92,2011,USD_Millions_2016_Value
51,Armenia,2012,47.46,2012,USD_Millions_2016_Value
51,Armenia,2013,24.86,2013,USD_Millions_2016_Value
51,Armenia,2014,8.99,2014,USD_Millions_2016_Value
51,Armenia,2015,22.36,2015,USD_Millions_2016_Value
51,Armenia,2016,113.14,2016,USD_Millions_2016_Value
52,Barbados,2015,0.07,2015,USD_Millions_2016_Value
52,Barbados,2016,8.5,2016,USD_Millions_2016_Value
62,Central and Southern Asia,2000,566.17,2000,USD_Millions_2016_Value
62,Central and Southern Asia,2001,536.16,2001,USD_Millions_2016_Value
62,Central and Southern Asia,2002,511.13,2002,USD_Millions_2016_Value
62,Central and Southern Asia,2003,163.97,2003,USD_Millions_2016_Value
62,Central and Southern Asia,2004,368.55,2004,USD_Millions_2016_Value
62,Central and Southern Asia,2005,263.21,2005,USD_Millions_2016_Value
62,Central and Southern Asia,2006,562.09,2006,USD_Millions_2016_Value
62,Central and Southern Asia,2007,805.02,2007,USD_Millions_2016_Value
62,Central and Southern Asia,2008,556.27,2008,USD_Millions_2016_Value
62,Central and Southern Asia,2009,477.11,2009,USD_Millions_2016_Value
62,Central and Southern Asia,2010,707.68,2010,USD_Millions_2016_Value
62,Central and Southern Asia,2011,2505.15,2011,USD_Millions_2016_Value
62,Central and Southern Asia,2012,3020.76,2012,USD_Millions_2016_Value
62,Central and Southern Asia,2013,1873.29,2013,USD_Millions_2016_Value
62,Central and Southern Asia,2014,1881.23,2014,USD_Millions_2016_Value
62,Central and Southern Asia,2015,4970.42,2015,USD_Millions_2016_Value
62,Central and Southern Asia,2016,3445.13,2016,USD_Millions_2016_Value
64,Bhutan,2000,4.61,2000,USD_Millions_2016_Value
64,Bhutan,2001,2.35,2001,USD_Millions_2016_Value
64,Bhutan,2002,24.36,2002,USD_Millions_2016_Value
64,Bhutan,2005,1.24,2005,USD_Millions_2016_Value
64,Bhutan,2006,0.11,2006,USD_Millions_2016_Value
64,Bhutan,2007,0.79,2007,USD_Millions_2016_Value
64,Bhutan,2008,4.05,2008,USD_Millions_2016_Value
64,Bhutan,2009,79.47,2009,USD_Millions_2016_Value
64,Bhutan,2010,21.93,2010,USD_Millions_2016_Value
64,Bhutan,2011,0.08,2011,USD_Millions_2016_Value
64,Bhutan,2012,3.34,2012,USD_Millions_2016_Value
64,Bhutan,2013,35.5,2013,USD_Millions_2016_Value
64,Bhutan,2014,1.9,2014,USD_Millions_2016_Value
64,Bhutan,2015,121.3,2015,USD_Millions_2016_Value
64,Bhutan,2016,0.05,2016,USD_Millions_2016_Value
68,Bolivia (Plurinational State of),2000,0.08,2000,USD_Millions_2016_Value
68,Bolivia (Plurinational State of),2001,0.74,2001,USD_Millions_2016_Value
68,Bolivia (Plurinational State of),2002,0.07,2002,USD_Millions_2016_Value
68,Bolivia (Plurinational State of),2003,15.37,2003,USD_Millions_2016_Value
68,Bolivia (Plurinational State of),2004,0.04,2004,USD_Millions_2016_Value
68,Bolivia (Plurinational State of),2005,0.13,2005,USD_Millions_2016_Value
68,Bolivia (Plurinational State of),2006,0.41,2006,USD_Millions_2016_Value
68,Bolivia (Plurinational State of),2007,0.39,2007,USD_Millions_2016_Value
68,Bolivia (Plurinational State of),2008,0.8,2008,USD_Millions_2016_Value
68,Bolivia (Plurinational State of),2009,96.3,2009,USD_Millions_2016_Value
68,Bolivia (Plurinational State of),2010,5.26,2010,USD_Millions_2016_Value
68,Bolivia (Plurinational State of),2011,1.32,2011,USD_Millions_2016_Value
68,Bolivia (Plurinational State of),2012,4.69,2012,USD_Millions_2016_Value
68,Bolivia (Plurinational State of),2013,67.18,2013,USD_Millions_2016_Value
68,Bolivia (Plurinational State of),2014,37.71,2014,USD_Millions_2016_Value
68,Bolivia (Plurinational State of),2015,1.88,2015,USD_Millions_2016_Value
68,Bolivia (Plurinational State of),2016,1150.27,2016,USD_Millions_2016_Value
72,Botswana,2000,0.03,2000,USD_Millions_2016_Value
72,Botswana,2004,0.04,2004,USD_Millions_2016_Value
72,Botswana,2005,0.02,2005,USD_Millions_2016_Value
72,Botswana,2006,0.06,2006,USD_Millions_2016_Value
72,Botswana,2007,0.01,2007,USD_Millions_2016_Value
72,Botswana,2009,6.46,2009,USD_Millions_2016_Value
72,Botswana,2010,10.25,2010,USD_Millions_2016_Value
72,Botswana,2011,0.08,2011,USD_Millions_2016_Value
72,Botswana,2012,0.47,2012,USD_Millions_2016_Value
72,Botswana,2014,2.45,2014,USD_Millions_2016_Value
72,Botswana,2016,0.01,2016,USD_Millions_2016_Value
76,Brazil,2000,121.83,2000,USD_Millions_2016_Value
76,Brazil,2001,5,2001,USD_Millions_2016_Value
76,Brazil,2002,32.02,2002,USD_Millions_2016_Value
76,Brazil,2003,7.22,2003,USD_Millions_2016_Value
76,Brazil,2004,1.07,2004,USD_Millions_2016_Value
76,Brazil,2005,11.23,2005,USD_Millions_2016_Value
76,Brazil,2006,1.14,2006,USD_Millions_2016_Value
76,Brazil,2007,0.86,2007,USD_Millions_2016_Value
76,Brazil,2008,18.36,2008,USD_Millions_2016_Value
76,Brazil,2009,164.79,2009,USD_Millions_2016_Value
76,Brazil,2010,135.86,2010,USD_Millions_2016_Value
76,Brazil,2011,167.35,2011,USD_Millions_2016_Value
76,Brazil,2012,232.65,2012,USD_Millions_2016_Value
76,Brazil,2013,146.66,2013,USD_Millions_2016_Value
76,Brazil,2014,463.58,2014,USD_Millions_2016_Value
76,Brazil,2015,2.17,2015,USD_Millions_2016_Value
76,Brazil,2016,154.17,2016,USD_Millions_2016_Value
84,Belize,2009,4.66,2009,USD_Millions_2016_Value
84,Belize,2015,0.02,2015,USD_Millions_2016_Value
84,Belize,2016,1.6,2016,USD_Millions_2016_Value
90,Solomon Islands,2008,0.08,2008,USD_Millions_2016_Value
90,Solomon Islands,2009,0.08,2009,USD_Millions_2016_Value
90,Solomon Islands,2011,0.01,2011,USD_Millions_2016_Value
90,Solomon Islands,2012,1.06,2012,USD_Millions_2016_Value
90,Solomon Islands,2013,0.01,2013,USD_Millions_2016_Value
90,Solomon Islands,2014,12.6,2014,USD_Millions_2016_Value
90,Solomon Islands,2015,6.64,2015,USD_Millions_2016_Value
90,Solomon Islands,2016,6.65,2016,USD_Millions_2016_Value
104,Myanmar,2002,5.35,2002,USD_Millions_2016_Value
104,Myanmar,2003,413.46,2003,USD_Millions_2016_Value
104,Myanmar,2004,0.07,2004,USD_Millions_2016_Value
104,Myanmar,2010,0.09,2010,USD_Millions_2016_Value
104,Myanmar,2012,0.01,2012,USD_Millions_2016_Value
104,Myanmar,2013,64.01,2013,USD_Millions_2016_Value
104,Myanmar,2014,10.57,2014,USD_Millions_2016_Value
104,Myanmar,2015,55.67,2015,USD_Millions_2016_Value
104,Myanmar,2016,3.73,2016,USD_Millions_2016_Value
108,Burundi,2008,0.01,2008,USD_Millions_2016_Value
108,Burundi,2009,0.08,2009,USD_Millions_2016_Value
108,Burundi,2010,13,2010,USD_Millions_2016_Value
108,Burundi,2011,0.01,2011,USD_Millions_2016_Value
108,Burundi,2012,5.74,2012,USD_Millions_2016_Value
108,Burundi,2013,92.93,2013,USD_Millions_2016_Value
108,Burundi,2014,134.95,2014,USD_Millions_2016_Value
108,Burundi,2015,2.39,2015,USD_Millions_2016_Value
108,Burundi,2016,0.05,2016,USD_Millions_2016_Value
116,Cambodia,2002,42.35,2002,USD_Millions_2016_Value
116,Cambodia,2003,4.44,2003,USD_Millions_2016_Value
116,Cambodia,2004,540.84,2004,USD_Millions_2016_Value
116,Cambodia,2005,1.24,2005,USD_Millions_2016_Value
116,Cambodia,2006,10.29,2006,USD_Millions_2016_Value
116,Cambodia,2007,580.47,2007,USD_Millions_2016_Value
116,Cambodia,2008,62.73,2008,USD_Millions_2016_Value
116,Cambodia,2009,3.75,2009,USD_Millions_2016_Value
116,Cambodia,2010,646.86,2010,USD_Millions_2016_Value
116,Cambodia,2011,1.07,2011,USD_Millions_2016_Value
116,Cambodia,2012,0.68,2012,USD_Millions_2016_Value
116,Cambodia,2013,490.47,2013,USD_Millions_2016_Value
116,Cambodia,2014,0.39,2014,USD_Millions_2016_Value
116,Cambodia,2015,7.92,2015,USD_Millions_2016_Value
116,Cambodia,2016,150.27,2016,USD_Millions_2016_Value
120,Cameroon,2002,0.01,2002,USD_Millions_2016_Value
120,Cameroon,2003,0.01,2003,USD_Millions_2016_Value
120,Cameroon,2004,0.02,2004,USD_Millions_2016_Value
120,Cameroon,2006,32.76,2006,USD_Millions_2016_Value
120,Cameroon,2008,0.46,2008,USD_Millions_2016_Value
120,Cameroon,2009,0.14,2009,USD_Millions_2016_Value
120,Cameroon,2010,51.26,2010,USD_Millions_2016_Value
120,Cameroon,2011,0.04,2011,USD_Millions_2016_Value
120,Cameroon,2012,828.8,2012,USD_Millions_2016_Value
120,Cameroon,2013,0.02,2013,USD_Millions_2016_Value
120,Cameroon,2014,9.92,2014,USD_Millions_2016_Value
120,Cameroon,2015,1.98,2015,USD_Millions_2016_Value
120,Cameroon,2016,74.28,2016,USD_Millions_2016_Value
132,Cabo Verde,2001,2.52,2001,USD_Millions_2016_Value
132,Cabo Verde,2005,0.02,2005,USD_Millions_2016_Value
132,Cabo Verde,2008,0.42,2008,USD_Millions_2016_Value
132,Cabo Verde,2009,0.17,2009,USD_Millions_2016_Value
132,Cabo Verde,2010,65.34,2010,USD_Millions_2016_Value
132,Cabo Verde,2011,13.41,2011,USD_Millions_2016_Value
132,Cabo Verde,2012,15.54,2012,USD_Millions_2016_Value
132,Cabo Verde,2013,14.81,2013,USD_Millions_2016_Value
132,Cabo Verde,2014,6.76,2014,USD_Millions_2016_Value
132,Cabo Verde,2015,2.97,2015,USD_Millions_2016_Value
132,Cabo Verde,2016,7.62,2016,USD_Millions_2016_Value
140,Central African Republic,2006,0,2006,USD_Millions_2016_Value
140,Central African Republic,2009,4.02,2009,USD_Millions_2016_Value
140,Central African Republic,2014,0,2014,USD_Millions_2016_Value
140,Central African Republic,2015,3.81,2015,USD_Millions_2016_Value
140,Central African Republic,2016,0,2016,USD_Millions_2016_Value
144,Sri Lanka,2000,1.53,2000,USD_Millions_2016_Value
144,Sri Lanka,2001,3.75,2001,USD_Millions_2016_Value
144,Sri Lanka,2002,383.91,2002,USD_Millions_2016_Value
144,Sri Lanka,2003,0.04,2003,USD_Millions_2016_Value
144,Sri Lanka,2004,0.13,2004,USD_Millions_2016_Value
144,Sri Lanka,2005,23.74,2005,USD_Millions_2016_Value
144,Sri Lanka,2006,0.09,2006,USD_Millions_2016_Value
144,Sri Lanka,2007,36.61,2007,USD_Millions_2016_Value
144,Sri Lanka,2008,0.11,2008,USD_Millions_2016_Value
144,Sri Lanka,2009,11.66,2009,USD_Millions_2016_Value
144,Sri Lanka,2010,44.43,2010,USD_Millions_2016_Value
144,Sri Lanka,2011,6.8,2011,USD_Millions_2016_Value
144,Sri Lanka,2012,214.17,2012,USD_Millions_2016_Value
144,Sri Lanka,2013,2.26,2013,USD_Millions_2016_Value
144,Sri Lanka,2014,115.14,2014,USD_Millions_2016_Value
144,Sri Lanka,2015,0.43,2015,USD_Millions_2016_Value
144,Sri Lanka,2016,58.76,2016,USD_Millions_2016_Value
148,Chad,2001,5.55,2001,USD_Millions_2016_Value
148,Chad,2007,24.47,2007,USD_Millions_2016_Value
148,Chad,2011,0,2011,USD_Millions_2016_Value
148,Chad,2013,0.03,2013,USD_Millions_2016_Value
148,Chad,2014,0.02,2014,USD_Millions_2016_Value
148,Chad,2015,0.02,2015,USD_Millions_2016_Value
148,Chad,2016,39.65,2016,USD_Millions_2016_Value
152,Chile,2000,0.43,2000,USD_Millions_2016_Value
152,Chile,2001,0.14,2001,USD_Millions_2016_Value
152,Chile,2002,0.03,2002,USD_Millions_2016_Value
152,Chile,2003,0.07,2003,USD_Millions_2016_Value
152,Chile,2004,2.67,2004,USD_Millions_2016_Value
152,Chile,2005,0.18,2005,USD_Millions_2016_Value
152,Chile,2006,0.1,2006,USD_Millions_2016_Value
152,Chile,2007,9.55,2007,USD_Millions_2016_Value
152,Chile,2008,61.37,2008,USD_Millions_2016_Value
152,Chile,2009,52.98,2009,USD_Millions_2016_Value
152,Chile,2010,3.06,2010,USD_Millions_2016_Value
152,Chile,2011,64.85,2011,USD_Millions_2016_Value
152,Chile,2012,953.33,2012,USD_Millions_2016_Value
152,Chile,2013,1285.84,2013,USD_Millions_2016_Value
152,Chile,2014,793.27,2014,USD_Millions_2016_Value
152,Chile,2015,104.49,2015,USD_Millions_2016_Value
152,Chile,2016,211.94,2016,USD_Millions_2016_Value
156,China,2000,234.46,2000,USD_Millions_2016_Value
156,China,2001,322.3,2001,USD_Millions_2016_Value
156,China,2002,216.86,2002,USD_Millions_2016_Value
156,China,2003,21.37,2003,USD_Millions_2016_Value
156,China,2004,31.22,2004,USD_Millions_2016_Value
156,China,2005,148.66,2005,USD_Millions_2016_Value
156,China,2006,99.64,2006,USD_Millions_2016_Value
156,China,2007,23.73,2007,USD_Millions_2016_Value
156,China,2008,105.86,2008,USD_Millions_2016_Value
156,China,2009,56.14,2009,USD_Millions_2016_Value
156,China,2010,74.39,2010,USD_Millions_2016_Value
156,China,2011,41.21,2011,USD_Millions_2016_Value
156,China,2012,96.57,2012,USD_Millions_2016_Value
156,China,2013,290.17,2013,USD_Millions_2016_Value
156,China,2014,220.42,2014,USD_Millions_2016_Value
156,China,2015,88.49,2015,USD_Millions_2016_Value
156,China,2016,1213.8,2016,USD_Millions_2016_Value
170,Colombia,2002,0.08,2002,USD_Millions_2016_Value
170,Colombia,2003,0.01,2003,USD_Millions_2016_Value
170,Colombia,2005,214.31,2005,USD_Millions_2016_Value
170,Colombia,2006,1.84,2006,USD_Millions_2016_Value
170,Colombia,2007,0.75,2007,USD_Millions_2016_Value
170,Colombia,2008,1.07,2008,USD_Millions_2016_Value
170,Colombia,2009,0.01,2009,USD_Millions_2016_Value
170,Colombia,2010,3.32,2010,USD_Millions_2016_Value
170,Colombia,2011,0.74,2011,USD_Millions_2016_Value
170,Colombia,2012,1.78,2012,USD_Millions_2016_Value
170,Colombia,2013,0.31,2013,USD_Millions_2016_Value
170,Colombia,2014,52.26,2014,USD_Millions_2016_Value
170,Colombia,2015,21.84,2015,USD_Millions_2016_Value
170,Colombia,2016,1395.3,2016,USD_Millions_2016_Value
174,Comoros,2012,0.3,2012,USD_Millions_2016_Value
174,Comoros,2013,0.02,2013,USD_Millions_2016_Value
174,Comoros,2014,0.12,2014,USD_Millions_2016_Value
174,Comoros,2015,0.96,2015,USD_Millions_2016_Value
174,Comoros,2016,0.01,2016,USD_Millions_2016_Value
178,Congo,2000,0.14,2000,USD_Millions_2016_Value
178,Congo,2003,491.2,2003,USD_Millions_2016_Value
178,Congo,2013,1.81,2013,USD_Millions_2016_Value
178,Congo,2014,0,2014,USD_Millions_2016_Value
178,Congo,2016,0.08,2016,USD_Millions_2016_Value
180,Democratic Republic of the Congo,2001,0.04,2001,USD_Millions_2016_Value
180,Democratic Republic of the Congo,2002,0.06,2002,USD_Millions_2016_Value
180,Democratic Republic of the Congo,2005,1.21,2005,USD_Millions_2016_Value
180,Democratic Republic of the Congo,2007,201.8,2007,USD_Millions_2016_Value
180,Democratic Republic of the Congo,2008,52.15,2008,USD_Millions_2016_Value
180,Democratic Republic of the Congo,2009,0.05,2009,USD_Millions_2016_Value
180,Democratic Republic of the Congo,2010,0.38,2010,USD_Millions_2016_Value
180,Democratic Republic of the Congo,2011,1234.94,2011,USD_Millions_2016_Value
180,Democratic Republic of the Congo,2012,0.07,2012,USD_Millions_2016_Value
180,Democratic Republic of the Congo,2013,24.07,2013,USD_Millions_2016_Value
180,Democratic Republic of the Congo,2014,69.49,2014,USD_Millions_2016_Value
180,Democratic Republic of the Congo,2015,0.59,2015,USD_Millions_2016_Value
180,Democratic Republic of the Congo,2016,22.27,2016,USD_Millions_2016_Value
184,Cook Islands,2011,3.37,2011,USD_Millions_2016_Value
184,Cook Islands,2012,4.87,2012,USD_Millions_2016_Value
184,Cook Islands,2013,7.25,2013,USD_Millions_2016_Value
184,Cook Islands,2014,14.54,2014,USD_Millions_2016_Value
184,Cook Islands,2015,17.42,2015,USD_Millions_2016_Value
184,Cook Islands,2016,4.26,2016,USD_Millions_2016_Value
188,Costa Rica,2000,0.09,2000,USD_Millions_2016_Value
188,Costa Rica,2001,139.98,2001,USD_Millions_2016_Value
188,Costa Rica,2003,15.97,2003,USD_Millions_2016_Value
188,Costa Rica,2004,0.08,2004,USD_Millions_2016_Value
188,Costa Rica,2005,0.1,2005,USD_Millions_2016_Value
188,Costa Rica,2006,0.08,2006,USD_Millions_2016_Value
188,Costa Rica,2007,0.66,2007,USD_Millions_2016_Value
188,Costa Rica,2008,0.08,2008,USD_Millions_2016_Value
188,Costa Rica,2009,0.01,2009,USD_Millions_2016_Value
188,Costa Rica,2010,7.63,2010,USD_Millions_2016_Value
188,Costa Rica,2011,125.5,2011,USD_Millions_2016_Value
188,Costa Rica,2012,524.32,2012,USD_Millions_2016_Value
188,Costa Rica,2013,113.83,2013,USD_Millions_2016_Value
188,Costa Rica,2014,160.45,2014,USD_Millions_2016_Value
188,Costa Rica,2015,412.49,2015,USD_Millions_2016_Value
188,Costa Rica,2016,148.77,2016,USD_Millions_2016_Value
192,Cuba,2000,0.75,2000,USD_Millions_2016_Value
192,Cuba,2001,4.38,2001,USD_Millions_2016_Value
192,Cuba,2002,1.62,2002,USD_Millions_2016_Value
192,Cuba,2003,0.34,2003,USD_Millions_2016_Value
192,Cuba,2004,0.87,2004,USD_Millions_2016_Value
192,Cuba,2005,0.38,2005,USD_Millions_2016_Value
192,Cuba,2006,0.37,2006,USD_Millions_2016_Value
192,Cuba,2007,0.01,2007,USD_Millions_2016_Value
192,Cuba,2008,0.04,2008,USD_Millions_2016_Value
192,Cuba,2009,0.85,2009,USD_Millions_2016_Value
192,Cuba,2010,3.93,2010,USD_Millions_2016_Value
192,Cuba,2011,1.24,2011,USD_Millions_2016_Value
192,Cuba,2012,0.39,2012,USD_Millions_2016_Value
192,Cuba,2013,2.98,2013,USD_Millions_2016_Value
192,Cuba,2014,0.04,2014,USD_Millions_2016_Value
192,Cuba,2015,73.06,2015,USD_Millions_2016_Value
192,Cuba,2016,29.75,2016,USD_Millions_2016_Value
199,Least Developed Countries (LDCs),2000,58.85,2000,USD_Millions_2016_Value
199,Least Developed Countries (LDCs),2001,66.1,2001,USD_Millions_2016_Value
199,Least Developed Countries (LDCs),2002,278.43,2002,USD_Millions_2016_Value
199,Least Developed Countries (LDCs),2003,1855.05,2003,USD_Millions_2016_Value
199,Least Developed Countries (LDCs),2004,923.92,2004,USD_Millions_2016_Value
199,Least Developed Countries (LDCs),2005,598.18,2005,USD_Millions_2016_Value
199,Least Developed Countries (LDCs),2006,589.45,2006,USD_Millions_2016_Value
199,Least Developed Countries (LDCs),2007,1634.22,2007,USD_Millions_2016_Value
199,Least Developed Countries (LDCs),2008,340.52,2008,USD_Millions_2016_Value
199,Least Developed Countries (LDCs),2009,1226.86,2009,USD_Millions_2016_Value
199,Least Developed Countries (LDCs),2010,1473.83,2010,USD_Millions_2016_Value
199,Least Developed Countries (LDCs),2011,2459.19,2011,USD_Millions_2016_Value
199,Least Developed Countries (LDCs),2012,832.28,2012,USD_Millions_2016_Value
199,Least Developed Countries (LDCs),2013,4791.28,2013,USD_Millions_2016_Value
199,Least Developed Countries (LDCs),2014,1712.72,2014,USD_Millions_2016_Value
199,Least Developed Countries (LDCs),2015,3927.21,2015,USD_Millions_2016_Value
199,Least Developed Countries (LDCs),2016,2534.77,2016,USD_Millions_2016_Value
202,Sub-Saharan Africa,2000,65.66,2000,USD_Millions_2016_Value
202,Sub-Saharan Africa,2001,103.38,2001,USD_Millions_2016_Value
202,Sub-Saharan Africa,2002,146.56,2002,USD_Millions_2016_Value
202,Sub-Saharan Africa,2003,550.1,2003,USD_Millions_2016_Value
202,Sub-Saharan Africa,2004,191.41,2004,USD_Millions_2016_Value
202,Sub-Saharan Africa,2005,533.22,2005,USD_Millions_2016_Value
202,Sub-Saharan Africa,2006,660.48,2006,USD_Millions_2016_Value
202,Sub-Saharan Africa,2007,1452.67,2007,USD_Millions_2016_Value
202,Sub-Saharan Africa,2008,728.35,2008,USD_Millions_2016_Value
202,Sub-Saharan Africa,2009,761.97,2009,USD_Millions_2016_Value
202,Sub-Saharan Africa,2010,1831.75,2010,USD_Millions_2016_Value
202,Sub-Saharan Africa,2011,2928.63,2011,USD_Millions_2016_Value
202,Sub-Saharan Africa,2012,1931.88,2012,USD_Millions_2016_Value
202,Sub-Saharan Africa,2013,4975.77,2013,USD_Millions_2016_Value
202,Sub-Saharan Africa,2014,2249.03,2014,USD_Millions_2016_Value
202,Sub-Saharan Africa,2015,5047.02,2015,USD_Millions_2016_Value
202,Sub-Saharan Africa,2016,3909.27,2016,USD_Millions_2016_Value
204,Benin,2002,0.09,2002,USD_Millions_2016_Value
204,Benin,2004,0,2004,USD_Millions_2016_Value
204,Benin,2006,8.19,2006,USD_Millions_2016_Value
204,Benin,2008,0.54,2008,USD_Millions_2016_Value
204,Benin,2009,8.49,2009,USD_Millions_2016_Value
204,Benin,2010,0.16,2010,USD_Millions_2016_Value
204,Benin,2011,0.35,2011,USD_Millions_2016_Value
204,Benin,2012,0.07,2012,USD_Millions_2016_Value
204,Benin,2014,12.19,2014,USD_Millions_2016_Value
204,Benin,2015,537.88,2015,USD_Millions_2016_Value
204,Benin,2016,1.21,2016,USD_Millions_2016_Value
212,Dominica,2013,7.34,2013,USD_Millions_2016_Value
212,Dominica,2014,1.64,2014,USD_Millions_2016_Value
214,Dominican Republic,2000,10.41,2000,USD_Millions_2016_Value
214,Dominican Republic,2001,3.92,2001,USD_Millions_2016_Value
214,Dominican Republic,2002,0.63,2002,USD_Millions_2016_Value
214,Dominican Republic,2004,0.44,2004,USD_Millions_2016_Value
214,Dominican Republic,2005,6.05,2005,USD_Millions_2016_Value
214,Dominican Republic,2006,0.5,2006,USD_Millions_2016_Value
214,Dominican Republic,2007,0.36,2007,USD_Millions_2016_Value
214,Dominican Republic,2008,0.14,2008,USD_Millions_2016_Value
214,Dominican Republic,2009,0.29,2009,USD_Millions_2016_Value
214,Dominican Republic,2010,75.26,2010,USD_Millions_2016_Value
214,Dominican Republic,2011,0.23,2011,USD_Millions_2016_Value
214,Dominican Republic,2012,1.33,2012,USD_Millions_2016_Value
214,Dominican Republic,2013,0.02,2013,USD_Millions_2016_Value
214,Dominican Republic,2014,0.42,2014,USD_Millions_2016_Value
214,Dominican Republic,2015,0.07,2015,USD_Millions_2016_Value
214,Dominican Republic,2016,78.59,2016,USD_Millions_2016_Value
218,Ecuador,2000,2.08,2000,USD_Millions_2016_Value
218,Ecuador,2001,2.06,2001,USD_Millions_2016_Value
218,Ecuador,2002,0.8,2002,USD_Millions_2016_Value
218,Ecuador,2003,0.33,2003,USD_Millions_2016_Value
218,Ecuador,2004,0.3,2004,USD_Millions_2016_Value
218,Ecuador,2005,8.06,2005,USD_Millions_2016_Value
218,Ecuador,2006,0.01,2006,USD_Millions_2016_Value
218,Ecuador,2008,2.63,2008,USD_Millions_2016_Value
218,Ecuador,2009,1.2,2009,USD_Millions_2016_Value
218,Ecuador,2010,2672.28,2010,USD_Millions_2016_Value
218,Ecuador,2011,746.56,2011,USD_Millions_2016_Value
218,Ecuador,2012,25.36,2012,USD_Millions_2016_Value
218,Ecuador,2013,316.38,2013,USD_Millions_2016_Value
218,Ecuador,2014,482.3,2014,USD_Millions_2016_Value
218,Ecuador,2015,29.93,2015,USD_Millions_2016_Value
218,Ecuador,2016,129.26,2016,USD_Millions_2016_Value
222,El Salvador,2004,1.24,2004,USD_Millions_2016_Value
222,El Salvador,2006,0,2006,USD_Millions_2016_Value
222,El Salvador,2007,0.24,2007,USD_Millions_2016_Value
222,El Salvador,2008,0.02,2008,USD_Millions_2016_Value
222,El Salvador,2009,0.1,2009,USD_Millions_2016_Value
222,El Salvador,2010,54.06,2010,USD_Millions_2016_Value
222,El Salvador,2011,0.93,2011,USD_Millions_2016_Value
222,El Salvador,2012,1.39,2012,USD_Millions_2016_Value
222,El Salvador,2013,64.57,2013,USD_Millions_2016_Value
222,El Salvador,2014,112.21,2014,USD_Millions_2016_Value
222,El Salvador,2015,73.88,2015,USD_Millions_2016_Value
222,El Salvador,2016,197.66,2016,USD_Millions_2016_Value
226,Equatorial Guinea,2001,0.17,2001,USD_Millions_2016_Value
226,Equatorial Guinea,2002,0.16,2002,USD_Millions_2016_Value
226,Equatorial Guinea,2003,0.04,2003,USD_Millions_2016_Value
226,Equatorial Guinea,2006,442.41,2006,USD_Millions_2016_Value
226,Equatorial Guinea,2013,3.29,2013,USD_Millions_2016_Value
226,Equatorial Guinea,2015,0.02,2015,USD_Millions_2016_Value
231,Ethiopia,2000,1.41,2000,USD_Millions_2016_Value
231,Ethiopia,2001,0.75,2001,USD_Millions_2016_Value
231,Ethiopia,2002,90.57,2002,USD_Millions_2016_Value
231,Ethiopia,2003,7.43,2003,USD_Millions_2016_Value
231,Ethiopia,2004,0.61,2004,USD_Millions_2016_Value
231,Ethiopia,2005,348.55,2005,USD_Millions_2016_Value
231,Ethiopia,2006,0.39,2006,USD_Millions_2016_Value
231,Ethiopia,2007,194.41,2007,USD_Millions_2016_Value
231,Ethiopia,2008,0.31,2008,USD_Millions_2016_Value
231,Ethiopia,2009,447.94,2009,USD_Millions_2016_Value
231,Ethiopia,2010,88.59,2010,USD_Millions_2016_Value
231,Ethiopia,2011,103.96,2011,USD_Millions_2016_Value
231,Ethiopia,2012,51.73,2012,USD_Millions_2016_Value
231,Ethiopia,2013,279.83,2013,USD_Millions_2016_Value
231,Ethiopia,2014,187.11,2014,USD_Millions_2016_Value
231,Ethiopia,2015,309.24,2015,USD_Millions_2016_Value
231,Ethiopia,2016,51.98,2016,USD_Millions_2016_Value
232,Eritrea,2007,0.49,2007,USD_Millions_2016_Value
232,Eritrea,2008,0.07,2008,USD_Millions_2016_Value
232,Eritrea,2009,0.03,2009,USD_Millions_2016_Value
232,Eritrea,2010,0.05,2010,USD_Millions_2016_Value
232,Eritrea,2011,0.24,2011,USD_Millions_2016_Value
232,Eritrea,2015,13.87,2015,USD_Millions_2016_Value
242,Fiji,2004,0.3,2004,USD_Millions_2016_Value
242,Fiji,2005,0.26,2005,USD_Millions_2016_Value
242,Fiji,2007,0.05,2007,USD_Millions_2016_Value
242,Fiji,2009,91.39,2009,USD_Millions_2016_Value
242,Fiji,2011,0.01,2011,USD_Millions_2016_Value
242,Fiji,2012,0.11,2012,USD_Millions_2016_Value
242,Fiji,2013,4.53,2013,USD_Millions_2016_Value
242,Fiji,2014,6.43,2014,USD_Millions_2016_Value
242,Fiji,2015,1.66,2015,USD_Millions_2016_Value
242,Fiji,2016,0.18,2016,USD_Millions_2016_Value
258,French Polynesia,2012,0.23,2012,USD_Millions_2016_Value
262,Djibouti,2005,5.7,2005,USD_Millions_2016_Value
262,Djibouti,2009,5.57,2009,USD_Millions_2016_Value
262,Djibouti,2010,11.93,2010,USD_Millions_2016_Value
262,Djibouti,2011,0.01,2011,USD_Millions_2016_Value
262,Djibouti,2012,9.1,2012,USD_Millions_2016_Value
262,Djibouti,2013,7.92,2013,USD_Millions_2016_Value
262,Djibouti,2014,3.03,2014,USD_Millions_2016_Value
262,Djibouti,2015,3.71,2015,USD_Millions_2016_Value
262,Djibouti,2016,1.27,2016,USD_Millions_2016_Value
266,Gabon,2008,387.17,2008,USD_Millions_2016_Value
266,Gabon,2010,6.24,2010,USD_Millions_2016_Value
266,Gabon,2013,0.02,2013,USD_Millions_2016_Value
266,Gabon,2014,0.01,2014,USD_Millions_2016_Value
266,Gabon,2015,12.59,2015,USD_Millions_2016_Value
266,Gabon,2016,39.07,2016,USD_Millions_2016_Value
268,Georgia,2001,17.13,2001,USD_Millions_2016_Value
268,Georgia,2003,1.79,2003,USD_Millions_2016_Value
268,Georgia,2004,3.24,2004,USD_Millions_2016_Value
268,Georgia,2005,9.03,2005,USD_Millions_2016_Value
268,Georgia,2006,2.47,2006,USD_Millions_2016_Value
268,Georgia,2009,0.97,2009,USD_Millions_2016_Value
268,Georgia,2010,8.17,2010,USD_Millions_2016_Value
268,Georgia,2011,88.66,2011,USD_Millions_2016_Value
268,Georgia,2012,34.89,2012,USD_Millions_2016_Value
268,Georgia,2013,9.39,2013,USD_Millions_2016_Value
268,Georgia,2014,187.51,2014,USD_Millions_2016_Value
268,Georgia,2015,6.37,2015,USD_Millions_2016_Value
268,Georgia,2016,86.83,2016,USD_Millions_2016_Value
270,Gambia,2002,0.01,2002,USD_Millions_2016_Value
270,Gambia,2011,0.01,2011,USD_Millions_2016_Value
275,State of Palestine,2000,0.03,2000,USD_Millions_2016_Value
275,State of Palestine,2001,0.03,2001,USD_Millions_2016_Value
275,State of Palestine,2005,0.03,2005,USD_Millions_2016_Value
275,State of Palestine,2007,0.38,2007,USD_Millions_2016_Value
275,State of Palestine,2008,0.08,2008,USD_Millions_2016_Value
275,State of Palestine,2009,5.48,2009,USD_Millions_2016_Value
275,State of Palestine,2010,1.31,2010,USD_Millions_2016_Value
275,State of Palestine,2011,0.74,2011,USD_Millions_2016_Value
275,State of Palestine,2012,1.24,2012,USD_Millions_2016_Value
275,State of Palestine,2013,0.9,2013,USD_Millions_2016_Value
275,State of Palestine,2014,1.88,2014,USD_Millions_2016_Value
275,State of Palestine,2015,22.01,2015,USD_Millions_2016_Value
275,State of Palestine,2016,2.78,2016,USD_Millions_2016_Value
288,Ghana,2000,4.01,2000,USD_Millions_2016_Value
288,Ghana,2001,0.96,2001,USD_Millions_2016_Value
288,Ghana,2002,0.02,2002,USD_Millions_2016_Value
288,Ghana,2003,0.32,2003,USD_Millions_2016_Value
288,Ghana,2004,0.25,2004,USD_Millions_2016_Value
288,Ghana,2005,0.35,2005,USD_Millions_2016_Value
288,Ghana,2006,26,2006,USD_Millions_2016_Value
288,Ghana,2007,466.5,2007,USD_Millions_2016_Value
288,Ghana,2008,7.4,2008,USD_Millions_2016_Value
288,Ghana,2009,0.62,2009,USD_Millions_2016_Value
288,Ghana,2010,23.95,2010,USD_Millions_2016_Value
288,Ghana,2011,1.35,2011,USD_Millions_2016_Value
288,Ghana,2012,0.79,2012,USD_Millions_2016_Value
288,Ghana,2013,2.23,2013,USD_Millions_2016_Value
288,Ghana,2014,7.16,2014,USD_Millions_2016_Value
288,Ghana,2015,57.79,2015,USD_Millions_2016_Value
288,Ghana,2016,484.01,2016,USD_Millions_2016_Value
296,Kiribati,2009,4.87,2009,USD_Millions_2016_Value
296,Kiribati,2010,0.94,2010,USD_Millions_2016_Value
296,Kiribati,2013,4.52,2013,USD_Millions_2016_Value
296,Kiribati,2014,4.17,2014,USD_Millions_2016_Value
296,Kiribati,2016,0,2016,USD_Millions_2016_Value
308,Grenada,2003,0.43,2003,USD_Millions_2016_Value
308,Grenada,2011,2.92,2011,USD_Millions_2016_Value
308,Grenada,2014,0.11,2014,USD_Millions_2016_Value
308,Grenada,2015,1.63,2015,USD_Millions_2016_Value
320,Guatemala,2005,0.03,2005,USD_Millions_2016_Value
320,Guatemala,2006,0,2006,USD_Millions_2016_Value
320,Guatemala,2008,0.06,2008,USD_Millions_2016_Value
320,Guatemala,2009,0.02,2009,USD_Millions_2016_Value
320,Guatemala,2010,9.59,2010,USD_Millions_2016_Value
320,Guatemala,2011,4.13,2011,USD_Millions_2016_Value
320,Guatemala,2012,53.87,2012,USD_Millions_2016_Value
320,Guatemala,2013,0.48,2013,USD_Millions_2016_Value
320,Guatemala,2014,22.81,2014,USD_Millions_2016_Value
320,Guatemala,2015,0.02,2015,USD_Millions_2016_Value
320,Guatemala,2016,13.35,2016,USD_Millions_2016_Value
324,Guinea,2000,0.21,2000,USD_Millions_2016_Value
324,Guinea,2001,0.52,2001,USD_Millions_2016_Value
324,Guinea,2002,4.72,2002,USD_Millions_2016_Value
324,Guinea,2006,2.39,2006,USD_Millions_2016_Value
324,Guinea,2007,0.48,2007,USD_Millions_2016_Value
324,Guinea,2008,0.01,2008,USD_Millions_2016_Value
324,Guinea,2011,348.05,2011,USD_Millions_2016_Value
324,Guinea,2012,5.75,2012,USD_Millions_2016_Value
324,Guinea,2014,0.06,2014,USD_Millions_2016_Value
324,Guinea,2015,1.15,2015,USD_Millions_2016_Value
324,Guinea,2016,135.05,2016,USD_Millions_2016_Value
328,Guyana,2001,4.97,2001,USD_Millions_2016_Value
328,Guyana,2005,0.03,2005,USD_Millions_2016_Value
328,Guyana,2010,1.14,2010,USD_Millions_2016_Value
328,Guyana,2012,0.08,2012,USD_Millions_2016_Value
328,Guyana,2013,0.02,2013,USD_Millions_2016_Value
328,Guyana,2014,0.02,2014,USD_Millions_2016_Value
328,Guyana,2015,1.42,2015,USD_Millions_2016_Value
332,Haiti,2000,0.79,2000,USD_Millions_2016_Value
332,Haiti,2005,0.3,2005,USD_Millions_2016_Value
332,Haiti,2008,0,2008,USD_Millions_2016_Value
332,Haiti,2009,14.25,2009,USD_Millions_2016_Value
332,Haiti,2010,2.22,2010,USD_Millions_2016_Value
332,Haiti,2011,29.78,2011,USD_Millions_2016_Value
332,Haiti,2012,9.63,2012,USD_Millions_2016_Value
332,Haiti,2013,13.08,2013,USD_Millions_2016_Value
332,Haiti,2014,0.78,2014,USD_Millions_2016_Value
332,Haiti,2015,46.57,2015,USD_Millions_2016_Value
332,Haiti,2016,8.23,2016,USD_Millions_2016_Value
340,Honduras,2000,31.19,2000,USD_Millions_2016_Value
340,Honduras,2003,0.2,2003,USD_Millions_2016_Value
340,Honduras,2005,5.63,2005,USD_Millions_2016_Value
340,Honduras,2007,0.02,2007,USD_Millions_2016_Value
340,Honduras,2008,0.02,2008,USD_Millions_2016_Value
340,Honduras,2009,0.13,2009,USD_Millions_2016_Value
340,Honduras,2010,123.85,2010,USD_Millions_2016_Value
340,Honduras,2011,12.54,2011,USD_Millions_2016_Value
340,Honduras,2012,22.39,2012,USD_Millions_2016_Value
340,Honduras,2013,335.89,2013,USD_Millions_2016_Value
340,Honduras,2014,168.93,2014,USD_Millions_2016_Value
340,Honduras,2015,361.84,2015,USD_Millions_2016_Value
340,Honduras,2016,205.22,2016,USD_Millions_2016_Value
356,India,2000,467.91,2000,USD_Millions_2016_Value
356,India,2001,181.38,2001,USD_Millions_2016_Value
356,India,2002,16.26,2002,USD_Millions_2016_Value
356,India,2003,10.11,2003,USD_Millions_2016_Value
356,India,2004,345.28,2004,USD_Millions_2016_Value
356,India,2005,146.57,2005,USD_Millions_2016_Value
356,India,2006,160.79,2006,USD_Millions_2016_Value
356,India,2007,446.01,2007,USD_Millions_2016_Value
356,India,2008,312.14,2008,USD_Millions_2016_Value
356,India,2009,205.09,2009,USD_Millions_2016_Value
356,India,2010,295.51,2010,USD_Millions_2016_Value
356,India,2011,1830.99,2011,USD_Millions_2016_Value
356,India,2012,1076.95,2012,USD_Millions_2016_Value
356,India,2013,494.19,2013,USD_Millions_2016_Value
356,India,2014,682.07,2014,USD_Millions_2016_Value
356,India,2015,858.35,2015,USD_Millions_2016_Value
356,India,2016,2049.82,2016,USD_Millions_2016_Value
360,Indonesia,2000,2.2,2000,USD_Millions_2016_Value
360,Indonesia,2001,4.87,2001,USD_Millions_2016_Value
360,Indonesia,2002,0.11,2002,USD_Millions_2016_Value
360,Indonesia,2003,193.28,2003,USD_Millions_2016_Value
360,Indonesia,2004,51.61,2004,USD_Millions_2016_Value
360,Indonesia,2005,188.11,2005,USD_Millions_2016_Value
360,Indonesia,2006,255.58,2006,USD_Millions_2016_Value
360,Indonesia,2007,619.25,2007,USD_Millions_2016_Value
360,Indonesia,2008,18.02,2008,USD_Millions_2016_Value
360,Indonesia,2009,27.88,2009,USD_Millions_2016_Value
360,Indonesia,2010,44.31,2010,USD_Millions_2016_Value
360,Indonesia,2011,918.77,2011,USD_Millions_2016_Value
360,Indonesia,2012,15.83,2012,USD_Millions_2016_Value
360,Indonesia,2013,237.43,2013,USD_Millions_2016_Value
360,Indonesia,2014,306.09,2014,USD_Millions_2016_Value
360,Indonesia,2015,360.18,2015,USD_Millions_2016_Value
360,Indonesia,2016,326.22,2016,USD_Millions_2016_Value
364,Iran (Islamic Republic of),2000,62.18,2000,USD_Millions_2016_Value
364,Iran (Islamic Republic of),2009,0.02,2009,USD_Millions_2016_Value
364,Iran (Islamic Republic of),2010,0,2010,USD_Millions_2016_Value
364,Iran (Islamic Republic of),2014,0.09,2014,USD_Millions_2016_Value
364,Iran (Islamic Republic of),2015,0.2,2015,USD_Millions_2016_Value
364,Iran (Islamic Republic of),2016,0.08,2016,USD_Millions_2016_Value
368,Iraq,2003,22.53,2003,USD_Millions_2016_Value
368,Iraq,2006,41.51,2006,USD_Millions_2016_Value
368,Iraq,2007,33.56,2007,USD_Millions_2016_Value
368,Iraq,2008,0.08,2008,USD_Millions_2016_Value
368,Iraq,2009,0.14,2009,USD_Millions_2016_Value
368,Iraq,2010,158.31,2010,USD_Millions_2016_Value
368,Iraq,2012,2.16,2012,USD_Millions_2016_Value
368,Iraq,2014,0.02,2014,USD_Millions_2016_Value
368,Iraq,2016,250,2016,USD_Millions_2016_Value
384,C��te d'Ivoire,2000,13.12,2000,USD_Millions_2016_Value
384,C��te d'Ivoire,2010,0.86,2010,USD_Millions_2016_Value
384,C��te d'Ivoire,2011,14.61,2011,USD_Millions_2016_Value
384,C��te d'Ivoire,2012,0.25,2012,USD_Millions_2016_Value
384,C��te d'Ivoire,2013,475.89,2013,USD_Millions_2016_Value
384,C��te d'Ivoire,2015,0.76,2015,USD_Millions_2016_Value
384,C��te d'Ivoire,2016,33.49,2016,USD_Millions_2016_Value
388,Jamaica,2000,4.86,2000,USD_Millions_2016_Value
388,Jamaica,2001,8.42,2001,USD_Millions_2016_Value
388,Jamaica,2008,0.38,2008,USD_Millions_2016_Value
388,Jamaica,2009,0.11,2009,USD_Millions_2016_Value
388,Jamaica,2010,0.16,2010,USD_Millions_2016_Value
388,Jamaica,2011,8.5,2011,USD_Millions_2016_Value
388,Jamaica,2012,0.12,2012,USD_Millions_2016_Value
388,Jamaica,2014,54.81,2014,USD_Millions_2016_Value
388,Jamaica,2015,58.74,2015,USD_Millions_2016_Value
388,Jamaica,2016,16.84,2016,USD_Millions_2016_Value
398,Kazakhstan,2006,344.29,2006,USD_Millions_2016_Value
398,Kazakhstan,2007,54.13,2007,USD_Millions_2016_Value
398,Kazakhstan,2008,2.51,2008,USD_Millions_2016_Value
398,Kazakhstan,2010,1.33,2010,USD_Millions_2016_Value
398,Kazakhstan,2011,1.62,2011,USD_Millions_2016_Value
398,Kazakhstan,2012,26.38,2012,USD_Millions_2016_Value
398,Kazakhstan,2013,0.02,2013,USD_Millions_2016_Value
398,Kazakhstan,2014,35.95,2014,USD_Millions_2016_Value
398,Kazakhstan,2015,42.63,2015,USD_Millions_2016_Value
398,Kazakhstan,2016,44.01,2016,USD_Millions_2016_Value
400,Jordan,2002,0.03,2002,USD_Millions_2016_Value
400,Jordan,2003,0.23,2003,USD_Millions_2016_Value
400,Jordan,2005,0.02,2005,USD_Millions_2016_Value
400,Jordan,2007,0.18,2007,USD_Millions_2016_Value
400,Jordan,2008,0.08,2008,USD_Millions_2016_Value
400,Jordan,2009,13.4,2009,USD_Millions_2016_Value
400,Jordan,2010,6.82,2010,USD_Millions_2016_Value
400,Jordan,2011,44.4,2011,USD_Millions_2016_Value
400,Jordan,2012,0.01,2012,USD_Millions_2016_Value
400,Jordan,2013,134.76,2013,USD_Millions_2016_Value
400,Jordan,2014,149,2014,USD_Millions_2016_Value
400,Jordan,2015,158.4,2015,USD_Millions_2016_Value
400,Jordan,2016,481.96,2016,USD_Millions_2016_Value
404,Kenya,2000,0.09,2000,USD_Millions_2016_Value
404,Kenya,2003,0.31,2003,USD_Millions_2016_Value
404,Kenya,2004,133.45,2004,USD_Millions_2016_Value
404,Kenya,2005,41.59,2005,USD_Millions_2016_Value
404,Kenya,2006,0.01,2006,USD_Millions_2016_Value
404,Kenya,2007,58.41,2007,USD_Millions_2016_Value
404,Kenya,2008,28.79,2008,USD_Millions_2016_Value
404,Kenya,2009,33.76,2009,USD_Millions_2016_Value
404,Kenya,2010,708.7,2010,USD_Millions_2016_Value
404,Kenya,2011,482.85,2011,USD_Millions_2016_Value
404,Kenya,2012,201.91,2012,USD_Millions_2016_Value
404,Kenya,2013,15.49,2013,USD_Millions_2016_Value
404,Kenya,2014,762.97,2014,USD_Millions_2016_Value
404,Kenya,2015,515.53,2015,USD_Millions_2016_Value
404,Kenya,2016,689.5,2016,USD_Millions_2016_Value
408,Democratic People's Republic of Korea,2002,0.04,2002,USD_Millions_2016_Value
408,Democratic People's Republic of Korea,2004,0.36,2004,USD_Millions_2016_Value
408,Democratic People's Republic of Korea,2005,0.13,2005,USD_Millions_2016_Value
408,Democratic People's Republic of Korea,2006,0.08,2006,USD_Millions_2016_Value
408,Democratic People's Republic of Korea,2011,0,2011,USD_Millions_2016_Value
408,Democratic People's Republic of Korea,2012,0.02,2012,USD_Millions_2016_Value
408,Democratic People's Republic of Korea,2013,0.03,2013,USD_Millions_2016_Value
408,Democratic People's Republic of Korea,2015,0,2015,USD_Millions_2016_Value
408,Democratic People's Republic of Korea,2016,0.33,2016,USD_Millions_2016_Value
417,Kyrgyzstan,2000,8.15,2000,USD_Millions_2016_Value
417,Kyrgyzstan,2004,0.04,2004,USD_Millions_2016_Value
417,Kyrgyzstan,2008,0.4,2008,USD_Millions_2016_Value
417,Kyrgyzstan,2009,0.17,2009,USD_Millions_2016_Value
417,Kyrgyzstan,2010,1.5,2010,USD_Millions_2016_Value
417,Kyrgyzstan,2011,23.38,2011,USD_Millions_2016_Value
417,Kyrgyzstan,2012,0.58,2012,USD_Millions_2016_Value
417,Kyrgyzstan,2013,13.65,2013,USD_Millions_2016_Value
417,Kyrgyzstan,2015,0.02,2015,USD_Millions_2016_Value
417,Kyrgyzstan,2016,36.67,2016,USD_Millions_2016_Value
418,Lao People's Democratic Republic,2002,10.25,2002,USD_Millions_2016_Value
418,Lao People's Democratic Republic,2003,0.16,2003,USD_Millions_2016_Value
418,Lao People's Democratic Republic,2004,306.91,2004,USD_Millions_2016_Value
418,Lao People's Democratic Republic,2005,51.46,2005,USD_Millions_2016_Value
418,Lao People's Democratic Republic,2006,3.06,2006,USD_Millions_2016_Value
418,Lao People's Democratic Republic,2007,2.04,2007,USD_Millions_2016_Value
418,Lao People's Democratic Republic,2008,1.52,2008,USD_Millions_2016_Value
418,Lao People's Democratic Republic,2009,392.17,2009,USD_Millions_2016_Value
418,Lao People's Democratic Republic,2010,10.38,2010,USD_Millions_2016_Value
418,Lao People's Democratic Republic,2011,7.47,2011,USD_Millions_2016_Value
418,Lao People's Democratic Republic,2012,128.05,2012,USD_Millions_2016_Value
418,Lao People's Democratic Republic,2013,699.01,2013,USD_Millions_2016_Value
418,Lao People's Democratic Republic,2014,188.3,2014,USD_Millions_2016_Value
418,Lao People's Democratic Republic,2015,80.55,2015,USD_Millions_2016_Value
418,Lao People's Democratic Republic,2016,518.31,2016,USD_Millions_2016_Value
419,Latin America and the Caribbean,2000,178.86,2000,USD_Millions_2016_Value
419,Latin America and the Caribbean,2001,179.81,2001,USD_Millions_2016_Value
419,Latin America and the Caribbean,2002,136.56,2002,USD_Millions_2016_Value
419,Latin America and the Caribbean,2003,82.11,2003,USD_Millions_2016_Value
419,Latin America and the Caribbean,2004,50.14,2004,USD_Millions_2016_Value
419,Latin America and the Caribbean,2005,279.31,2005,USD_Millions_2016_Value
419,Latin America and the Caribbean,2006,1134.85,2006,USD_Millions_2016_Value
419,Latin America and the Caribbean,2007,77.44,2007,USD_Millions_2016_Value
419,Latin America and the Caribbean,2008,134.37,2008,USD_Millions_2016_Value
419,Latin America and the Caribbean,2009,398.82,2009,USD_Millions_2016_Value
419,Latin America and the Caribbean,2010,4518.48,2010,USD_Millions_2016_Value
419,Latin America and the Caribbean,2011,1986.26,2011,USD_Millions_2016_Value
419,Latin America and the Caribbean,2012,3205.9,2012,USD_Millions_2016_Value
419,Latin America and the Caribbean,2013,3109.93,2013,USD_Millions_2016_Value
419,Latin America and the Caribbean,2014,7771.99,2014,USD_Millions_2016_Value
419,Latin America and the Caribbean,2015,2478.34,2015,USD_Millions_2016_Value
419,Latin America and the Caribbean,2016,5220.95,2016,USD_Millions_2016_Value
422,Lebanon,2004,0.07,2004,USD_Millions_2016_Value
422,Lebanon,2007,0.79,2007,USD_Millions_2016_Value
422,Lebanon,2009,0.38,2009,USD_Millions_2016_Value
422,Lebanon,2010,1.59,2010,USD_Millions_2016_Value
422,Lebanon,2012,1.36,2012,USD_Millions_2016_Value
422,Lebanon,2013,0.02,2013,USD_Millions_2016_Value
422,Lebanon,2014,2.24,2014,USD_Millions_2016_Value
422,Lebanon,2015,35.13,2015,USD_Millions_2016_Value
422,Lebanon,2016,22.69,2016,USD_Millions_2016_Value
426,Lesotho,2004,0.05,2004,USD_Millions_2016_Value
426,Lesotho,2005,0.08,2005,USD_Millions_2016_Value
426,Lesotho,2006,0.05,2006,USD_Millions_2016_Value
426,Lesotho,2007,0.01,2007,USD_Millions_2016_Value
426,Lesotho,2009,0.81,2009,USD_Millions_2016_Value
426,Lesotho,2010,0.04,2010,USD_Millions_2016_Value
426,Lesotho,2011,2.82,2011,USD_Millions_2016_Value
426,Lesotho,2012,0.21,2012,USD_Millions_2016_Value
426,Lesotho,2013,0.09,2013,USD_Millions_2016_Value
426,Lesotho,2014,8.91,2014,USD_Millions_2016_Value
426,Lesotho,2015,0.04,2015,USD_Millions_2016_Value
426,Lesotho,2016,0,2016,USD_Millions_2016_Value
430,Liberia,2007,0.63,2007,USD_Millions_2016_Value
430,Liberia,2008,0.16,2008,USD_Millions_2016_Value
430,Liberia,2011,97.14,2011,USD_Millions_2016_Value
430,Liberia,2012,0.02,2012,USD_Millions_2016_Value
430,Liberia,2013,80.74,2013,USD_Millions_2016_Value
430,Liberia,2014,0.18,2014,USD_Millions_2016_Value
430,Liberia,2015,239.12,2015,USD_Millions_2016_Value
430,Liberia,2016,9.72,2016,USD_Millions_2016_Value
432,Landlocked developing countries (LLDCs),2000,71.03,2000,USD_Millions_2016_Value
432,Landlocked developing countries (LLDCs),2001,57.25,2001,USD_Millions_2016_Value
432,Landlocked developing countries (LLDCs),2002,183.91,2002,USD_Millions_2016_Value
432,Landlocked developing countries (LLDCs),2003,147.33,2003,USD_Millions_2016_Value
432,Landlocked developing countries (LLDCs),2004,330.24,2004,USD_Millions_2016_Value
432,Landlocked developing countries (LLDCs),2005,495.39,2005,USD_Millions_2016_Value
432,Landlocked developing countries (LLDCs),2006,610.53,2006,USD_Millions_2016_Value
432,Landlocked developing countries (LLDCs),2007,830.28,2007,USD_Millions_2016_Value
432,Landlocked developing countries (LLDCs),2008,182.98,2008,USD_Millions_2016_Value
432,Landlocked developing countries (LLDCs),2009,1228.75,2009,USD_Millions_2016_Value
432,Landlocked developing countries (LLDCs),2010,917,2010,USD_Millions_2016_Value
432,Landlocked developing countries (LLDCs),2011,490.83,2011,USD_Millions_2016_Value
432,Landlocked developing countries (LLDCs),2012,632.55,2012,USD_Millions_2016_Value
432,Landlocked developing countries (LLDCs),2013,4418.29,2013,USD_Millions_2016_Value
432,Landlocked developing countries (LLDCs),2014,1455.74,2014,USD_Millions_2016_Value
432,Landlocked developing countries (LLDCs),2015,2998.33,2015,USD_Millions_2016_Value
432,Landlocked developing countries (LLDCs),2016,2587.84,2016,USD_Millions_2016_Value
450,Madagascar,2002,0.01,2002,USD_Millions_2016_Value
450,Madagascar,2004,8,2004,USD_Millions_2016_Value
450,Madagascar,2005,3.02,2005,USD_Millions_2016_Value
450,Madagascar,2006,6.86,2006,USD_Millions_2016_Value
450,Madagascar,2007,8.2,2007,USD_Millions_2016_Value
450,Madagascar,2008,2.55,2008,USD_Millions_2016_Value
450,Madagascar,2011,7.07,2011,USD_Millions_2016_Value
450,Madagascar,2012,0.05,2012,USD_Millions_2016_Value
450,Madagascar,2013,2.66,2013,USD_Millions_2016_Value
450,Madagascar,2014,13.58,2014,USD_Millions_2016_Value
450,Madagascar,2015,5.07,2015,USD_Millions_2016_Value
450,Madagascar,2016,21.42,2016,USD_Millions_2016_Value
454,Malawi,2000,6.54,2000,USD_Millions_2016_Value
454,Malawi,2003,0.51,2003,USD_Millions_2016_Value
454,Malawi,2004,0.06,2004,USD_Millions_2016_Value
454,Malawi,2005,0.06,2005,USD_Millions_2016_Value
454,Malawi,2006,0.05,2006,USD_Millions_2016_Value
454,Malawi,2007,0.06,2007,USD_Millions_2016_Value
454,Malawi,2009,0.07,2009,USD_Millions_2016_Value
454,Malawi,2010,14.66,2010,USD_Millions_2016_Value
454,Malawi,2011,2.32,2011,USD_Millions_2016_Value
454,Malawi,2012,1.66,2012,USD_Millions_2016_Value
454,Malawi,2013,34.07,2013,USD_Millions_2016_Value
454,Malawi,2014,1.9,2014,USD_Millions_2016_Value
454,Malawi,2015,62.94,2015,USD_Millions_2016_Value
454,Malawi,2016,0.33,2016,USD_Millions_2016_Value
458,Malaysia,2000,141.04,2000,USD_Millions_2016_Value
458,Malaysia,2002,0.02,2002,USD_Millions_2016_Value
458,Malaysia,2004,0.26,2004,USD_Millions_2016_Value
458,Malaysia,2006,0.01,2006,USD_Millions_2016_Value
458,Malaysia,2007,0.01,2007,USD_Millions_2016_Value
458,Malaysia,2009,0.03,2009,USD_Millions_2016_Value
458,Malaysia,2010,0.14,2010,USD_Millions_2016_Value
458,Malaysia,2011,0.06,2011,USD_Millions_2016_Value
458,Malaysia,2012,3.85,2012,USD_Millions_2016_Value
458,Malaysia,2013,0.07,2013,USD_Millions_2016_Value
458,Malaysia,2014,0.16,2014,USD_Millions_2016_Value
458,Malaysia,2015,0.17,2015,USD_Millions_2016_Value
458,Malaysia,2016,1.29,2016,USD_Millions_2016_Value
462,Maldives,2000,4.61,2000,USD_Millions_2016_Value
462,Maldives,2008,0.11,2008,USD_Millions_2016_Value
462,Maldives,2009,0.45,2009,USD_Millions_2016_Value
462,Maldives,2010,9.7,2010,USD_Millions_2016_Value
462,Maldives,2011,0.01,2011,USD_Millions_2016_Value
462,Maldives,2012,0.03,2012,USD_Millions_2016_Value
462,Maldives,2014,40.97,2014,USD_Millions_2016_Value
462,Maldives,2015,5.97,2015,USD_Millions_2016_Value
462,Maldives,2016,0.01,2016,USD_Millions_2016_Value
466,Mali,2000,3.36,2000,USD_Millions_2016_Value
466,Mali,2001,9.63,2001,USD_Millions_2016_Value
466,Mali,2002,0.01,2002,USD_Millions_2016_Value
466,Mali,2003,0.02,2003,USD_Millions_2016_Value
466,Mali,2004,0.06,2004,USD_Millions_2016_Value
466,Mali,2005,5.57,2005,USD_Millions_2016_Value
466,Mali,2006,30.05,2006,USD_Millions_2016_Value
466,Mali,2007,0.09,2007,USD_Millions_2016_Value
466,Mali,2008,0.05,2008,USD_Millions_2016_Value
466,Mali,2009,36.84,2009,USD_Millions_2016_Value
466,Mali,2010,0.02,2010,USD_Millions_2016_Value
466,Mali,2011,0.22,2011,USD_Millions_2016_Value
466,Mali,2012,0.17,2012,USD_Millions_2016_Value
466,Mali,2013,439.92,2013,USD_Millions_2016_Value
466,Mali,2014,94.65,2014,USD_Millions_2016_Value
466,Mali,2015,9.08,2015,USD_Millions_2016_Value
466,Mali,2016,58.79,2016,USD_Millions_2016_Value
478,Mauritania,2001,0.19,2001,USD_Millions_2016_Value
478,Mauritania,2006,23.35,2006,USD_Millions_2016_Value
478,Mauritania,2007,0.07,2007,USD_Millions_2016_Value
478,Mauritania,2011,0.01,2011,USD_Millions_2016_Value
478,Mauritania,2012,64.88,2012,USD_Millions_2016_Value
478,Mauritania,2013,66.01,2013,USD_Millions_2016_Value
478,Mauritania,2014,12.48,2014,USD_Millions_2016_Value
478,Mauritania,2015,0.12,2015,USD_Millions_2016_Value
478,Mauritania,2016,171.03,2016,USD_Millions_2016_Value
480,Mauritius,2010,1.96,2010,USD_Millions_2016_Value
480,Mauritius,2011,116.36,2011,USD_Millions_2016_Value
480,Mauritius,2013,56.43,2013,USD_Millions_2016_Value
480,Mauritius,2014,50.5,2014,USD_Millions_2016_Value
480,Mauritius,2015,8.93,2015,USD_Millions_2016_Value
480,Mauritius,2016,28.21,2016,USD_Millions_2016_Value
484,Mexico,2000,2.32,2000,USD_Millions_2016_Value
484,Mexico,2001,3.22,2001,USD_Millions_2016_Value
484,Mexico,2002,13.64,2002,USD_Millions_2016_Value
484,Mexico,2003,0.25,2003,USD_Millions_2016_Value
484,Mexico,2004,0.5,2004,USD_Millions_2016_Value
484,Mexico,2005,32.3,2005,USD_Millions_2016_Value
484,Mexico,2006,31.45,2006,USD_Millions_2016_Value
484,Mexico,2007,0.15,2007,USD_Millions_2016_Value
484,Mexico,2008,6.41,2008,USD_Millions_2016_Value
484,Mexico,2009,4.15,2009,USD_Millions_2016_Value
484,Mexico,2010,45.26,2010,USD_Millions_2016_Value
484,Mexico,2011,0.96,2011,USD_Millions_2016_Value
484,Mexico,2012,351.3,2012,USD_Millions_2016_Value
484,Mexico,2013,41.21,2013,USD_Millions_2016_Value
484,Mexico,2014,366.64,2014,USD_Millions_2016_Value
484,Mexico,2015,195.49,2015,USD_Millions_2016_Value
484,Mexico,2016,430.59,2016,USD_Millions_2016_Value
496,Mongolia,2000,4.86,2000,USD_Millions_2016_Value
496,Mongolia,2001,1.59,2001,USD_Millions_2016_Value
496,Mongolia,2002,1.32,2002,USD_Millions_2016_Value
496,Mongolia,2003,5.34,2003,USD_Millions_2016_Value
496,Mongolia,2005,2.62,2005,USD_Millions_2016_Value
496,Mongolia,2006,5.83,2006,USD_Millions_2016_Value
496,Mongolia,2007,12.06,2007,USD_Millions_2016_Value
496,Mongolia,2008,4.3,2008,USD_Millions_2016_Value
496,Mongolia,2009,11.82,2009,USD_Millions_2016_Value
496,Mongolia,2010,11.47,2010,USD_Millions_2016_Value
496,Mongolia,2012,27.16,2012,USD_Millions_2016_Value
496,Mongolia,2013,0.14,2013,USD_Millions_2016_Value
496,Mongolia,2014,0.01,2014,USD_Millions_2016_Value
496,Mongolia,2015,0.89,2015,USD_Millions_2016_Value
496,Mongolia,2016,193.37,2016,USD_Millions_2016_Value
500,Montserrat,2008,1.27,2008,USD_Millions_2016_Value
500,Montserrat,2011,0.09,2011,USD_Millions_2016_Value
500,Montserrat,2012,6.67,2012,USD_Millions_2016_Value
500,Montserrat,2013,0.56,2013,USD_Millions_2016_Value
500,Montserrat,2014,0.95,2014,USD_Millions_2016_Value
500,Montserrat,2015,1.99,2015,USD_Millions_2016_Value
500,Montserrat,2016,7.92,2016,USD_Millions_2016_Value
504,Morocco,2000,0.25,2000,USD_Millions_2016_Value
504,Morocco,2001,1.42,2001,USD_Millions_2016_Value
504,Morocco,2002,12.8,2002,USD_Millions_2016_Value
504,Morocco,2003,0.52,2003,USD_Millions_2016_Value
504,Morocco,2004,144.17,2004,USD_Millions_2016_Value
504,Morocco,2005,178.48,2005,USD_Millions_2016_Value
504,Morocco,2006,65.93,2006,USD_Millions_2016_Value
504,Morocco,2007,171.67,2007,USD_Millions_2016_Value
504,Morocco,2008,216.54,2008,USD_Millions_2016_Value
504,Morocco,2009,115.28,2009,USD_Millions_2016_Value
504,Morocco,2010,8.32,2010,USD_Millions_2016_Value
504,Morocco,2011,208.68,2011,USD_Millions_2016_Value
504,Morocco,2012,987.16,2012,USD_Millions_2016_Value
504,Morocco,2013,5.67,2013,USD_Millions_2016_Value
504,Morocco,2014,1360.84,2014,USD_Millions_2016_Value
504,Morocco,2015,223.51,2015,USD_Millions_2016_Value
504,Morocco,2016,444.28,2016,USD_Millions_2016_Value
508,Mozambique,2000,0.04,2000,USD_Millions_2016_Value
508,Mozambique,2001,0.39,2001,USD_Millions_2016_Value
508,Mozambique,2002,12.62,2002,USD_Millions_2016_Value
508,Mozambique,2003,3.86,2003,USD_Millions_2016_Value
508,Mozambique,2004,1.31,2004,USD_Millions_2016_Value
508,Mozambique,2005,0.84,2005,USD_Millions_2016_Value
508,Mozambique,2006,0.05,2006,USD_Millions_2016_Value
508,Mozambique,2007,4.59,2007,USD_Millions_2016_Value
508,Mozambique,2008,5.96,2008,USD_Millions_2016_Value
508,Mozambique,2009,1.93,2009,USD_Millions_2016_Value
508,Mozambique,2010,89.54,2010,USD_Millions_2016_Value
508,Mozambique,2011,15.08,2011,USD_Millions_2016_Value
508,Mozambique,2012,70.81,2012,USD_Millions_2016_Value
508,Mozambique,2013,36.41,2013,USD_Millions_2016_Value
508,Mozambique,2014,8.95,2014,USD_Millions_2016_Value
508,Mozambique,2015,60.59,2015,USD_Millions_2016_Value
508,Mozambique,2016,30.67,2016,USD_Millions_2016_Value
516,Namibia,2000,0.1,2000,USD_Millions_2016_Value
516,Namibia,2001,0.21,2001,USD_Millions_2016_Value
516,Namibia,2002,0.03,2002,USD_Millions_2016_Value
516,Namibia,2003,0.03,2003,USD_Millions_2016_Value
516,Namibia,2004,0.09,2004,USD_Millions_2016_Value
516,Namibia,2005,0.38,2005,USD_Millions_2016_Value
516,Namibia,2006,0.21,2006,USD_Millions_2016_Value
516,Namibia,2007,0.01,2007,USD_Millions_2016_Value
516,Namibia,2008,43.78,2008,USD_Millions_2016_Value
516,Namibia,2010,44.37,2010,USD_Millions_2016_Value
516,Namibia,2011,0.05,2011,USD_Millions_2016_Value
516,Namibia,2012,0.54,2012,USD_Millions_2016_Value
516,Namibia,2014,0.07,2014,USD_Millions_2016_Value
516,Namibia,2016,11.16,2016,USD_Millions_2016_Value
520,Nauru,2005,1.95,2005,USD_Millions_2016_Value
520,Nauru,2007,0.33,2007,USD_Millions_2016_Value
520,Nauru,2014,0.01,2014,USD_Millions_2016_Value
520,Nauru,2015,8.41,2015,USD_Millions_2016_Value
520,Nauru,2016,2.8,2016,USD_Millions_2016_Value
524,Nepal,2000,11.05,2000,USD_Millions_2016_Value
524,Nepal,2001,4.88,2001,USD_Millions_2016_Value
524,Nepal,2002,39.41,2002,USD_Millions_2016_Value
524,Nepal,2003,59.9,2003,USD_Millions_2016_Value
524,Nepal,2004,5,2004,USD_Millions_2016_Value
524,Nepal,2005,37.34,2005,USD_Millions_2016_Value
524,Nepal,2006,17.73,2006,USD_Millions_2016_Value
524,Nepal,2007,58.33,2007,USD_Millions_2016_Value
524,Nepal,2008,51.82,2008,USD_Millions_2016_Value
524,Nepal,2009,49.08,2009,USD_Millions_2016_Value
524,Nepal,2010,22.33,2010,USD_Millions_2016_Value
524,Nepal,2011,212.46,2011,USD_Millions_2016_Value
524,Nepal,2012,28.02,2012,USD_Millions_2016_Value
524,Nepal,2013,313.05,2013,USD_Millions_2016_Value
524,Nepal,2014,368.5,2014,USD_Millions_2016_Value
524,Nepal,2015,14.61,2015,USD_Millions_2016_Value
524,Nepal,2016,27.78,2016,USD_Millions_2016_Value
543,Oceania (exc. Australia and New Zealand),2002,0.05,2002,USD_Millions_2016_Value
543,Oceania (exc. Australia and New Zealand),2003,0.05,2003,USD_Millions_2016_Value
543,Oceania (exc. Australia and New Zealand),2004,0.36,2004,USD_Millions_2016_Value
543,Oceania (exc. Australia and New Zealand),2005,15.57,2005,USD_Millions_2016_Value
543,Oceania (exc. Australia and New Zealand),2006,0.43,2006,USD_Millions_2016_Value
543,Oceania (exc. Australia and New Zealand),2007,14.35,2007,USD_Millions_2016_Value
543,Oceania (exc. Australia and New Zealand),2008,0.2,2008,USD_Millions_2016_Value
543,Oceania (exc. Australia and New Zealand),2009,131.06,2009,USD_Millions_2016_Value
543,Oceania (exc. Australia and New Zealand),2010,9,2010,USD_Millions_2016_Value
543,Oceania (exc. Australia and New Zealand),2011,56.79,2011,USD_Millions_2016_Value
543,Oceania (exc. Australia and New Zealand),2012,20.22,2012,USD_Millions_2016_Value
543,Oceania (exc. Australia and New Zealand),2013,62.24,2013,USD_Millions_2016_Value
543,Oceania (exc. Australia and New Zealand),2014,100.68,2014,USD_Millions_2016_Value
543,Oceania (exc. Australia and New Zealand),2015,85.86,2015,USD_Millions_2016_Value
543,Oceania (exc. Australia and New Zealand),2016,48.55,2016,USD_Millions_2016_Value
548,Vanuatu,2007,12.71,2007,USD_Millions_2016_Value
548,Vanuatu,2008,0.03,2008,USD_Millions_2016_Value
548,Vanuatu,2010,0.85,2010,USD_Millions_2016_Value
548,Vanuatu,2012,2.89,2012,USD_Millions_2016_Value
548,Vanuatu,2013,4.57,2013,USD_Millions_2016_Value
548,Vanuatu,2014,8.33,2014,USD_Millions_2016_Value
548,Vanuatu,2015,6.99,2015,USD_Millions_2016_Value
558,Nicaragua,2000,0.02,2000,USD_Millions_2016_Value
558,Nicaragua,2001,0.02,2001,USD_Millions_2016_Value
558,Nicaragua,2002,0.65,2002,USD_Millions_2016_Value
558,Nicaragua,2003,14.84,2003,USD_Millions_2016_Value
558,Nicaragua,2004,0.17,2004,USD_Millions_2016_Value
558,Nicaragua,2005,0.04,2005,USD_Millions_2016_Value
558,Nicaragua,2006,0.05,2006,USD_Millions_2016_Value
558,Nicaragua,2007,0.09,2007,USD_Millions_2016_Value
558,Nicaragua,2008,1.88,2008,USD_Millions_2016_Value
558,Nicaragua,2009,8.56,2009,USD_Millions_2016_Value
558,Nicaragua,2010,127.2,2010,USD_Millions_2016_Value
558,Nicaragua,2011,38.37,2011,USD_Millions_2016_Value
558,Nicaragua,2012,67.98,2012,USD_Millions_2016_Value
558,Nicaragua,2013,123.33,2013,USD_Millions_2016_Value
558,Nicaragua,2014,92.98,2014,USD_Millions_2016_Value
558,Nicaragua,2015,64.86,2015,USD_Millions_2016_Value
558,Nicaragua,2016,135.86,2016,USD_Millions_2016_Value
562,Niger,2000,0.18,2000,USD_Millions_2016_Value
562,Niger,2001,3.31,2001,USD_Millions_2016_Value
562,Niger,2002,1.32,2002,USD_Millions_2016_Value
562,Niger,2005,0.04,2005,USD_Millions_2016_Value
562,Niger,2006,0.09,2006,USD_Millions_2016_Value
562,Niger,2008,0.01,2008,USD_Millions_2016_Value
562,Niger,2012,126.89,2012,USD_Millions_2016_Value
562,Niger,2014,39.42,2014,USD_Millions_2016_Value
562,Niger,2016,1.13,2016,USD_Millions_2016_Value
566,Nigeria,2002,0,2002,USD_Millions_2016_Value
566,Nigeria,2004,0.18,2004,USD_Millions_2016_Value
566,Nigeria,2005,17.78,2005,USD_Millions_2016_Value
566,Nigeria,2006,1.23,2006,USD_Millions_2016_Value
566,Nigeria,2007,0.55,2007,USD_Millions_2016_Value
566,Nigeria,2010,0.55,2010,USD_Millions_2016_Value
566,Nigeria,2011,18.95,2011,USD_Millions_2016_Value
566,Nigeria,2012,20.24,2012,USD_Millions_2016_Value
566,Nigeria,2013,930.7,2013,USD_Millions_2016_Value
566,Nigeria,2014,23.82,2014,USD_Millions_2016_Value
566,Nigeria,2015,45.22,2015,USD_Millions_2016_Value
566,Nigeria,2016,58.64,2016,USD_Millions_2016_Value
570,Niue,2005,2.3,2005,USD_Millions_2016_Value
570,Niue,2009,3.03,2009,USD_Millions_2016_Value
570,Niue,2013,0.34,2013,USD_Millions_2016_Value
570,Niue,2015,0.01,2015,USD_Millions_2016_Value
570,Niue,2016,0.24,2016,USD_Millions_2016_Value
583,Micronesia (Federated States of),2005,5.21,2005,USD_Millions_2016_Value
583,Micronesia (Federated States of),2007,0,2007,USD_Millions_2016_Value
583,Micronesia (Federated States of),2009,13.72,2009,USD_Millions_2016_Value
583,Micronesia (Federated States of),2012,0.02,2012,USD_Millions_2016_Value
583,Micronesia (Federated States of),2013,5.52,2013,USD_Millions_2016_Value
583,Micronesia (Federated States of),2014,0.78,2014,USD_Millions_2016_Value
583,Micronesia (Federated States of),2015,3.91,2015,USD_Millions_2016_Value
583,Micronesia (Federated States of),2016,0.01,2016,USD_Millions_2016_Value
584,Marshall Islands,2005,2.94,2005,USD_Millions_2016_Value
584,Marshall Islands,2007,0.86,2007,USD_Millions_2016_Value
584,Marshall Islands,2009,10.19,2009,USD_Millions_2016_Value
584,Marshall Islands,2011,0.16,2011,USD_Millions_2016_Value
584,Marshall Islands,2012,0.02,2012,USD_Millions_2016_Value
584,Marshall Islands,2013,1.21,2013,USD_Millions_2016_Value
584,Marshall Islands,2014,0.01,2014,USD_Millions_2016_Value
584,Marshall Islands,2015,3.98,2015,USD_Millions_2016_Value
584,Marshall Islands,2016,0.26,2016,USD_Millions_2016_Value
585,Palau,2005,2.17,2005,USD_Millions_2016_Value
585,Palau,2007,0.37,2007,USD_Millions_2016_Value
585,Palau,2009,7.32,2009,USD_Millions_2016_Value
585,Palau,2011,0,2011,USD_Millions_2016_Value
585,Palau,2013,0.01,2013,USD_Millions_2016_Value
585,Palau,2015,4.99,2015,USD_Millions_2016_Value
585,Palau,2016,0.01,2016,USD_Millions_2016_Value
586,Pakistan,2000,0.04,2000,USD_Millions_2016_Value
586,Pakistan,2001,343.69,2001,USD_Millions_2016_Value
586,Pakistan,2002,0.17,2002,USD_Millions_2016_Value
586,Pakistan,2003,2.61,2003,USD_Millions_2016_Value
586,Pakistan,2004,0.04,2004,USD_Millions_2016_Value
586,Pakistan,2005,3.81,2005,USD_Millions_2016_Value
586,Pakistan,2006,6.4,2006,USD_Millions_2016_Value
586,Pakistan,2007,117.52,2007,USD_Millions_2016_Value
586,Pakistan,2008,129.93,2008,USD_Millions_2016_Value
586,Pakistan,2009,79.97,2009,USD_Millions_2016_Value
586,Pakistan,2010,253.85,2010,USD_Millions_2016_Value
586,Pakistan,2011,151.84,2011,USD_Millions_2016_Value
586,Pakistan,2012,1337.66,2012,USD_Millions_2016_Value
586,Pakistan,2013,231.06,2013,USD_Millions_2016_Value
586,Pakistan,2014,528.15,2014,USD_Millions_2016_Value
586,Pakistan,2015,3865.05,2015,USD_Millions_2016_Value
586,Pakistan,2016,866.98,2016,USD_Millions_2016_Value
591,Panama,2001,0.22,2001,USD_Millions_2016_Value
591,Panama,2006,0,2006,USD_Millions_2016_Value
591,Panama,2008,0.01,2008,USD_Millions_2016_Value
591,Panama,2009,0.01,2009,USD_Millions_2016_Value
591,Panama,2010,8.71,2010,USD_Millions_2016_Value
591,Panama,2011,63.34,2011,USD_Millions_2016_Value
591,Panama,2013,1.74,2013,USD_Millions_2016_Value
591,Panama,2014,176.54,2014,USD_Millions_2016_Value
591,Panama,2015,45.71,2015,USD_Millions_2016_Value
591,Panama,2016,351.84,2016,USD_Millions_2016_Value
598,Papua New Guinea,2004,0.01,2004,USD_Millions_2016_Value
598,Papua New Guinea,2007,0.03,2007,USD_Millions_2016_Value
598,Papua New Guinea,2008,0.03,2008,USD_Millions_2016_Value
598,Papua New Guinea,2011,36.2,2011,USD_Millions_2016_Value
598,Papua New Guinea,2013,6.18,2013,USD_Millions_2016_Value
598,Papua New Guinea,2014,0,2014,USD_Millions_2016_Value
598,Papua New Guinea,2015,8.24,2015,USD_Millions_2016_Value
598,Papua New Guinea,2016,31.06,2016,USD_Millions_2016_Value
600,Paraguay,2001,0.01,2001,USD_Millions_2016_Value
600,Paraguay,2006,190.94,2006,USD_Millions_2016_Value
600,Paraguay,2009,0.07,2009,USD_Millions_2016_Value
600,Paraguay,2010,0.09,2010,USD_Millions_2016_Value
600,Paraguay,2011,0.03,2011,USD_Millions_2016_Value
600,Paraguay,2013,0.08,2013,USD_Millions_2016_Value
600,Paraguay,2016,0.35,2016,USD_Millions_2016_Value
604,Peru,2000,1.02,2000,USD_Millions_2016_Value
604,Peru,2001,0.18,2001,USD_Millions_2016_Value
604,Peru,2002,87.02,2002,USD_Millions_2016_Value
604,Peru,2003,0.27,2003,USD_Millions_2016_Value
604,Peru,2004,0.1,2004,USD_Millions_2016_Value
604,Peru,2005,0.28,2005,USD_Millions_2016_Value
604,Peru,2006,7.25,2006,USD_Millions_2016_Value
604,Peru,2007,0.73,2007,USD_Millions_2016_Value
604,Peru,2008,0.96,2008,USD_Millions_2016_Value
604,Peru,2009,1.43,2009,USD_Millions_2016_Value
604,Peru,2010,7.62,2010,USD_Millions_2016_Value
604,Peru,2011,212.18,2011,USD_Millions_2016_Value
604,Peru,2012,225.79,2012,USD_Millions_2016_Value
604,Peru,2013,277.08,2013,USD_Millions_2016_Value
604,Peru,2014,187.29,2014,USD_Millions_2016_Value
604,Peru,2015,80.26,2015,USD_Millions_2016_Value
604,Peru,2016,97.15,2016,USD_Millions_2016_Value
608,Philippines,2000,11.33,2000,USD_Millions_2016_Value
608,Philippines,2001,0.03,2001,USD_Millions_2016_Value
608,Philippines,2002,50.34,2002,USD_Millions_2016_Value
608,Philippines,2003,27.96,2003,USD_Millions_2016_Value
608,Philippines,2004,5.65,2004,USD_Millions_2016_Value
608,Philippines,2005,11.42,2005,USD_Millions_2016_Value
608,Philippines,2006,26.3,2006,USD_Millions_2016_Value
608,Philippines,2007,57.15,2007,USD_Millions_2016_Value
608,Philippines,2009,3.76,2009,USD_Millions_2016_Value
608,Philippines,2010,7.32,2010,USD_Millions_2016_Value
608,Philippines,2011,0.76,2011,USD_Millions_2016_Value
608,Philippines,2012,1.3,2012,USD_Millions_2016_Value
608,Philippines,2013,51.66,2013,USD_Millions_2016_Value
608,Philippines,2014,8.84,2014,USD_Millions_2016_Value
608,Philippines,2015,21.89,2015,USD_Millions_2016_Value
608,Philippines,2016,94.67,2016,USD_Millions_2016_Value
624,Guinea-Bissau,2001,3.16,2001,USD_Millions_2016_Value
624,Guinea-Bissau,2002,4.39,2002,USD_Millions_2016_Value
624,Guinea-Bissau,2004,0.16,2004,USD_Millions_2016_Value
624,Guinea-Bissau,2009,0.03,2009,USD_Millions_2016_Value
624,Guinea-Bissau,2010,0.02,2010,USD_Millions_2016_Value
624,Guinea-Bissau,2011,0.21,2011,USD_Millions_2016_Value
624,Guinea-Bissau,2012,0.1,2012,USD_Millions_2016_Value
624,Guinea-Bissau,2013,0.18,2013,USD_Millions_2016_Value
624,Guinea-Bissau,2014,0.19,2014,USD_Millions_2016_Value
624,Guinea-Bissau,2016,0.39,2016,USD_Millions_2016_Value
626,Timor-Leste,2003,3.9,2003,USD_Millions_2016_Value
626,Timor-Leste,2005,1.29,2005,USD_Millions_2016_Value
626,Timor-Leste,2006,1.38,2006,USD_Millions_2016_Value
626,Timor-Leste,2007,1.12,2007,USD_Millions_2016_Value
626,Timor-Leste,2008,0.07,2008,USD_Millions_2016_Value
626,Timor-Leste,2009,0.15,2009,USD_Millions_2016_Value
626,Timor-Leste,2010,5.05,2010,USD_Millions_2016_Value
626,Timor-Leste,2011,0.23,2011,USD_Millions_2016_Value
626,Timor-Leste,2012,1.91,2012,USD_Millions_2016_Value
626,Timor-Leste,2013,0.46,2013,USD_Millions_2016_Value
626,Timor-Leste,2014,0.01,2014,USD_Millions_2016_Value
626,Timor-Leste,2015,0,2015,USD_Millions_2016_Value
626,Timor-Leste,2016,1.01,2016,USD_Millions_2016_Value
638,R��union,2011,8.06,2011,USD_Millions_2016_Value
638,R��union,2012,14.78,2012,USD_Millions_2016_Value
638,R��union,2013,10.16,2013,USD_Millions_2016_Value
638,R��union,2014,10.53,2014,USD_Millions_2016_Value
638,R��union,2015,1.5,2015,USD_Millions_2016_Value
646,Rwanda,2000,0.14,2000,USD_Millions_2016_Value
646,Rwanda,2005,7.8,2005,USD_Millions_2016_Value
646,Rwanda,2006,0.51,2006,USD_Millions_2016_Value
646,Rwanda,2007,19.26,2007,USD_Millions_2016_Value
646,Rwanda,2008,24.66,2008,USD_Millions_2016_Value
646,Rwanda,2009,21.82,2009,USD_Millions_2016_Value
646,Rwanda,2010,1.98,2010,USD_Millions_2016_Value
646,Rwanda,2011,6.03,2011,USD_Millions_2016_Value
646,Rwanda,2012,0.69,2012,USD_Millions_2016_Value
646,Rwanda,2013,93,2013,USD_Millions_2016_Value
646,Rwanda,2014,46.19,2014,USD_Millions_2016_Value
646,Rwanda,2016,40.12,2016,USD_Millions_2016_Value
654,Saint Helena,2003,0.16,2003,USD_Millions_2016_Value
654,Saint Helena,2008,0.12,2008,USD_Millions_2016_Value
654,Saint Helena,2015,1.41,2015,USD_Millions_2016_Value
659,Saint Kitts and Nevis,2008,0.34,2008,USD_Millions_2016_Value
659,Saint Kitts and Nevis,2011,17.35,2011,USD_Millions_2016_Value
660,Anguilla,2010,0.05,2010,USD_Millions_2016_Value
662,Saint Lucia,2014,0.9,2014,USD_Millions_2016_Value
662,Saint Lucia,2015,0.01,2015,USD_Millions_2016_Value
670,Saint Vincent and the Grenadines,2008,0.34,2008,USD_Millions_2016_Value
670,Saint Vincent and the Grenadines,2013,0.01,2013,USD_Millions_2016_Value
670,Saint Vincent and the Grenadines,2014,0.02,2014,USD_Millions_2016_Value
670,Saint Vincent and the Grenadines,2016,30.41,2016,USD_Millions_2016_Value
678,Sao Tome and Principe,2001,1.03,2001,USD_Millions_2016_Value
678,Sao Tome and Principe,2002,1.14,2002,USD_Millions_2016_Value
678,Sao Tome and Principe,2003,0,2003,USD_Millions_2016_Value
678,Sao Tome and Principe,2004,0.06,2004,USD_Millions_2016_Value
678,Sao Tome and Principe,2005,0.18,2005,USD_Millions_2016_Value
678,Sao Tome and Principe,2010,0.11,2010,USD_Millions_2016_Value
678,Sao Tome and Principe,2011,0.24,2011,USD_Millions_2016_Value
678,Sao Tome and Principe,2012,0.02,2012,USD_Millions_2016_Value
678,Sao Tome and Principe,2013,4.87,2013,USD_Millions_2016_Value
678,Sao Tome and Principe,2014,0.11,2014,USD_Millions_2016_Value
678,Sao Tome and Principe,2015,0.33,2015,USD_Millions_2016_Value
678,Sao Tome and Principe,2016,0.29,2016,USD_Millions_2016_Value
686,Senegal,2000,0.15,2000,USD_Millions_2016_Value
686,Senegal,2001,10.85,2001,USD_Millions_2016_Value
686,Senegal,2002,1.91,2002,USD_Millions_2016_Value
686,Senegal,2003,32.23,2003,USD_Millions_2016_Value
686,Senegal,2004,12.87,2004,USD_Millions_2016_Value
686,Senegal,2005,6.32,2005,USD_Millions_2016_Value
686,Senegal,2006,31.87,2006,USD_Millions_2016_Value
686,Senegal,2007,0.68,2007,USD_Millions_2016_Value
686,Senegal,2009,36.5,2009,USD_Millions_2016_Value
686,Senegal,2010,1.03,2010,USD_Millions_2016_Value
686,Senegal,2011,1.38,2011,USD_Millions_2016_Value
686,Senegal,2012,8.19,2012,USD_Millions_2016_Value
686,Senegal,2013,17.31,2013,USD_Millions_2016_Value
686,Senegal,2014,0.12,2014,USD_Millions_2016_Value
686,Senegal,2015,30.32,2015,USD_Millions_2016_Value
686,Senegal,2016,320.89,2016,USD_Millions_2016_Value
690,Seychelles,2011,0.01,2011,USD_Millions_2016_Value
690,Seychelles,2014,0.08,2014,USD_Millions_2016_Value
690,Seychelles,2015,0.04,2015,USD_Millions_2016_Value
690,Seychelles,2016,0.67,2016,USD_Millions_2016_Value
694,Sierra Leone,2004,23.71,2004,USD_Millions_2016_Value
694,Sierra Leone,2005,54.1,2005,USD_Millions_2016_Value
694,Sierra Leone,2006,0.01,2006,USD_Millions_2016_Value
694,Sierra Leone,2007,14.92,2007,USD_Millions_2016_Value
694,Sierra Leone,2008,14.94,2008,USD_Millions_2016_Value
694,Sierra Leone,2009,0.05,2009,USD_Millions_2016_Value
694,Sierra Leone,2010,8.92,2010,USD_Millions_2016_Value
694,Sierra Leone,2014,8.08,2014,USD_Millions_2016_Value
694,Sierra Leone,2016,28.07,2016,USD_Millions_2016_Value
704,Viet Nam,2000,0.01,2000,USD_Millions_2016_Value
704,Viet Nam,2001,99.83,2001,USD_Millions_2016_Value
704,Viet Nam,2002,38.48,2002,USD_Millions_2016_Value
704,Viet Nam,2003,0.17,2003,USD_Millions_2016_Value
704,Viet Nam,2004,220.82,2004,USD_Millions_2016_Value
704,Viet Nam,2005,4.91,2005,USD_Millions_2016_Value
704,Viet Nam,2006,1.38,2006,USD_Millions_2016_Value
704,Viet Nam,2007,0.05,2007,USD_Millions_2016_Value
704,Viet Nam,2008,184.4,2008,USD_Millions_2016_Value
704,Viet Nam,2009,426.8,2009,USD_Millions_2016_Value
704,Viet Nam,2010,89.82,2010,USD_Millions_2016_Value
704,Viet Nam,2011,260.15,2011,USD_Millions_2016_Value
704,Viet Nam,2012,1.37,2012,USD_Millions_2016_Value
704,Viet Nam,2013,86.49,2013,USD_Millions_2016_Value
704,Viet Nam,2014,233.82,2014,USD_Millions_2016_Value
704,Viet Nam,2015,6.07,2015,USD_Millions_2016_Value
704,Viet Nam,2016,289.59,2016,USD_Millions_2016_Value
706,Somalia,2013,3.23,2013,USD_Millions_2016_Value
706,Somalia,2015,0.29,2015,USD_Millions_2016_Value
706,Somalia,2016,0.78,2016,USD_Millions_2016_Value
710,South Africa,2000,0.37,2000,USD_Millions_2016_Value
710,South Africa,2001,1.15,2001,USD_Millions_2016_Value
710,South Africa,2002,24.06,2002,USD_Millions_2016_Value
710,South Africa,2004,0.04,2004,USD_Millions_2016_Value
710,South Africa,2005,12.29,2005,USD_Millions_2016_Value
710,South Africa,2006,7.46,2006,USD_Millions_2016_Value
710,South Africa,2007,1.11,2007,USD_Millions_2016_Value
710,South Africa,2008,1.1,2008,USD_Millions_2016_Value
710,South Africa,2009,0.09,2009,USD_Millions_2016_Value
710,South Africa,2010,250.18,2010,USD_Millions_2016_Value
710,South Africa,2011,253.95,2011,USD_Millions_2016_Value
710,South Africa,2012,458.67,2012,USD_Millions_2016_Value
710,South Africa,2013,318.83,2013,USD_Millions_2016_Value
710,South Africa,2014,191.15,2014,USD_Millions_2016_Value
710,South Africa,2015,688.14,2015,USD_Millions_2016_Value
710,South Africa,2016,194.78,2016,USD_Millions_2016_Value
716,Zimbabwe,2000,0.03,2000,USD_Millions_2016_Value
716,Zimbabwe,2001,0.27,2001,USD_Millions_2016_Value
716,Zimbabwe,2003,0.01,2003,USD_Millions_2016_Value
716,Zimbabwe,2005,0.47,2005,USD_Millions_2016_Value
716,Zimbabwe,2009,0.02,2009,USD_Millions_2016_Value
716,Zimbabwe,2011,1.05,2011,USD_Millions_2016_Value
716,Zimbabwe,2013,304.79,2013,USD_Millions_2016_Value
716,Zimbabwe,2014,0.05,2014,USD_Millions_2016_Value
716,Zimbabwe,2016,0.03,2016,USD_Millions_2016_Value
722,Small island developing States (SIDS),2000,21.42,2000,USD_Millions_2016_Value
722,Small island developing States (SIDS),2001,28.4,2001,USD_Millions_2016_Value
722,Small island developing States (SIDS),2002,7.78,2002,USD_Millions_2016_Value
722,Small island developing States (SIDS),2003,4.68,2003,USD_Millions_2016_Value
722,Small island developing States (SIDS),2004,1.85,2004,USD_Millions_2016_Value
722,Small island developing States (SIDS),2005,23.83,2005,USD_Millions_2016_Value
722,Small island developing States (SIDS),2006,2.68,2006,USD_Millions_2016_Value
722,Small island developing States (SIDS),2007,15.84,2007,USD_Millions_2016_Value
722,Small island developing States (SIDS),2008,3.28,2008,USD_Millions_2016_Value
722,Small island developing States (SIDS),2009,151.96,2009,USD_Millions_2016_Value
722,Small island developing States (SIDS),2010,173.1,2010,USD_Millions_2016_Value
722,Small island developing States (SIDS),2011,246.04,2011,USD_Millions_2016_Value
722,Small island developing States (SIDS),2012,55.04,2012,USD_Millions_2016_Value
722,Small island developing States (SIDS),2013,164.01,2013,USD_Millions_2016_Value
722,Small island developing States (SIDS),2014,259.12,2014,USD_Millions_2016_Value
722,Small island developing States (SIDS),2015,293.44,2015,USD_Millions_2016_Value
722,Small island developing States (SIDS),2016,268.39,2016,USD_Millions_2016_Value
728,South Sudan,2011,0.95,2011,USD_Millions_2016_Value
728,South Sudan,2012,1.59,2012,USD_Millions_2016_Value
728,South Sudan,2013,1.4,2013,USD_Millions_2016_Value
728,South Sudan,2015,0.07,2015,USD_Millions_2016_Value
728,South Sudan,2016,0.03,2016,USD_Millions_2016_Value
729,Sudan,2003,1254.82,2003,USD_Millions_2016_Value
729,Sudan,2010,81.93,2010,USD_Millions_2016_Value
729,Sudan,2011,26.55,2011,USD_Millions_2016_Value
729,Sudan,2012,0.12,2012,USD_Millions_2016_Value
729,Sudan,2013,3.22,2013,USD_Millions_2016_Value
729,Sudan,2014,0.38,2014,USD_Millions_2016_Value
729,Sudan,2015,0.03,2015,USD_Millions_2016_Value
729,Sudan,2016,0.04,2016,USD_Millions_2016_Value
740,Suriname,2009,0.38,2009,USD_Millions_2016_Value
740,Suriname,2011,3.89,2011,USD_Millions_2016_Value
740,Suriname,2013,0.02,2013,USD_Millions_2016_Value
740,Suriname,2014,0,2014,USD_Millions_2016_Value
747,Northern Africa and Western Asia,2000,146.77,2000,USD_Millions_2016_Value
747,Northern Africa and Western Asia,2001,60.73,2001,USD_Millions_2016_Value
747,Northern Africa and Western Asia,2002,18.74,2002,USD_Millions_2016_Value
747,Northern Africa and Western Asia,2003,1486.96,2003,USD_Millions_2016_Value
747,Northern Africa and Western Asia,2004,326.63,2004,USD_Millions_2016_Value
747,Northern Africa and Western Asia,2005,307.07,2005,USD_Millions_2016_Value
747,Northern Africa and Western Asia,2006,140.16,2006,USD_Millions_2016_Value
747,Northern Africa and Western Asia,2007,309.35,2007,USD_Millions_2016_Value
747,Northern Africa and Western Asia,2008,591.24,2008,USD_Millions_2016_Value
747,Northern Africa and Western Asia,2009,990.55,2009,USD_Millions_2016_Value
747,Northern Africa and Western Asia,2010,1932.71,2010,USD_Millions_2016_Value
747,Northern Africa and Western Asia,2011,1249.97,2011,USD_Millions_2016_Value
747,Northern Africa and Western Asia,2012,1604.76,2012,USD_Millions_2016_Value
747,Northern Africa and Western Asia,2013,917.87,2013,USD_Millions_2016_Value
747,Northern Africa and Western Asia,2014,2465.68,2014,USD_Millions_2016_Value
747,Northern Africa and Western Asia,2015,1254.89,2015,USD_Millions_2016_Value
747,Northern Africa and Western Asia,2016,3121.14,2016,USD_Millions_2016_Value
748,Eswatini,2003,9.28,2003,USD_Millions_2016_Value
748,Eswatini,2015,1,2015,USD_Millions_2016_Value
753,Eastern and South-Eastern Asia,2000,394.04,2000,USD_Millions_2016_Value
753,Eastern and South-Eastern Asia,2001,435.04,2001,USD_Millions_2016_Value
753,Eastern and South-Eastern Asia,2002,375.23,2002,USD_Millions_2016_Value
753,Eastern and South-Eastern Asia,2003,673.71,2003,USD_Millions_2016_Value
753,Eastern and South-Eastern Asia,2004,1159.2,2004,USD_Millions_2016_Value
753,Eastern and South-Eastern Asia,2005,409.84,2005,USD_Millions_2016_Value
753,Eastern and South-Eastern Asia,2006,403.64,2006,USD_Millions_2016_Value
753,Eastern and South-Eastern Asia,2007,1299.79,2007,USD_Millions_2016_Value
753,Eastern and South-Eastern Asia,2008,381.28,2008,USD_Millions_2016_Value
753,Eastern and South-Eastern Asia,2009,924.26,2009,USD_Millions_2016_Value
753,Eastern and South-Eastern Asia,2010,900.34,2010,USD_Millions_2016_Value
753,Eastern and South-Eastern Asia,2011,1506.29,2011,USD_Millions_2016_Value
753,Eastern and South-Eastern Asia,2012,391.34,2012,USD_Millions_2016_Value
753,Eastern and South-Eastern Asia,2013,2011.76,2013,USD_Millions_2016_Value
753,Eastern and South-Eastern Asia,2014,975.53,2014,USD_Millions_2016_Value
753,Eastern and South-Eastern Asia,2015,675.79,2015,USD_Millions_2016_Value
753,Eastern and South-Eastern Asia,2016,2847.1,2016,USD_Millions_2016_Value
760,Syrian Arab Republic,2010,5.22,2010,USD_Millions_2016_Value
762,Tajikistan,2002,9.31,2002,USD_Millions_2016_Value
762,Tajikistan,2003,21.15,2003,USD_Millions_2016_Value
762,Tajikistan,2005,0.54,2005,USD_Millions_2016_Value
762,Tajikistan,2006,0.52,2006,USD_Millions_2016_Value
762,Tajikistan,2007,21.91,2007,USD_Millions_2016_Value
762,Tajikistan,2008,32.79,2008,USD_Millions_2016_Value
762,Tajikistan,2009,0.14,2009,USD_Millions_2016_Value
762,Tajikistan,2010,6.45,2010,USD_Millions_2016_Value
762,Tajikistan,2011,0.85,2011,USD_Millions_2016_Value
762,Tajikistan,2012,3.54,2012,USD_Millions_2016_Value
762,Tajikistan,2013,129.1,2013,USD_Millions_2016_Value
762,Tajikistan,2014,0.41,2014,USD_Millions_2016_Value
762,Tajikistan,2015,0.18,2015,USD_Millions_2016_Value
762,Tajikistan,2016,0.09,2016,USD_Millions_2016_Value
764,Thailand,2000,0.15,2000,USD_Millions_2016_Value
764,Thailand,2001,6.41,2001,USD_Millions_2016_Value
764,Thailand,2002,10.11,2002,USD_Millions_2016_Value
764,Thailand,2003,3.48,2003,USD_Millions_2016_Value
764,Thailand,2004,1.47,2004,USD_Millions_2016_Value
764,Thailand,2006,0.09,2006,USD_Millions_2016_Value
764,Thailand,2007,0.42,2007,USD_Millions_2016_Value
764,Thailand,2008,4.37,2008,USD_Millions_2016_Value
764,Thailand,2009,1.62,2009,USD_Millions_2016_Value
764,Thailand,2010,3.98,2010,USD_Millions_2016_Value
764,Thailand,2011,271.84,2011,USD_Millions_2016_Value
764,Thailand,2012,114.59,2012,USD_Millions_2016_Value
764,Thailand,2013,52.59,2013,USD_Millions_2016_Value
764,Thailand,2014,4.23,2014,USD_Millions_2016_Value
764,Thailand,2015,53.41,2015,USD_Millions_2016_Value
764,Thailand,2016,0.4,2016,USD_Millions_2016_Value
768,Togo,2006,0.02,2006,USD_Millions_2016_Value
768,Togo,2012,0.02,2012,USD_Millions_2016_Value
768,Togo,2013,0.15,2013,USD_Millions_2016_Value
768,Togo,2014,8.6,2014,USD_Millions_2016_Value
768,Togo,2015,4.48,2015,USD_Millions_2016_Value
768,Togo,2016,0.05,2016,USD_Millions_2016_Value
772,Tokelau,2011,5.23,2011,USD_Millions_2016_Value
776,Tonga,2004,0.02,2004,USD_Millions_2016_Value
776,Tonga,2005,0.75,2005,USD_Millions_2016_Value
776,Tonga,2006,0.43,2006,USD_Millions_2016_Value
776,Tonga,2009,0,2009,USD_Millions_2016_Value
776,Tonga,2010,5.65,2010,USD_Millions_2016_Value
776,Tonga,2011,11.8,2011,USD_Millions_2016_Value
776,Tonga,2012,7.52,2012,USD_Millions_2016_Value
776,Tonga,2013,17.46,2013,USD_Millions_2016_Value
776,Tonga,2014,2.42,2014,USD_Millions_2016_Value
776,Tonga,2015,13.44,2015,USD_Millions_2016_Value
776,Tonga,2016,2.86,2016,USD_Millions_2016_Value
788,Tunisia,2000,4.21,2000,USD_Millions_2016_Value
788,Tunisia,2001,4.13,2001,USD_Millions_2016_Value
788,Tunisia,2002,5.03,2002,USD_Millions_2016_Value
788,Tunisia,2003,0.4,2003,USD_Millions_2016_Value
788,Tunisia,2004,0.27,2004,USD_Millions_2016_Value
788,Tunisia,2005,17.47,2005,USD_Millions_2016_Value
788,Tunisia,2006,23.27,2006,USD_Millions_2016_Value
788,Tunisia,2007,1.58,2007,USD_Millions_2016_Value
788,Tunisia,2008,225.08,2008,USD_Millions_2016_Value
788,Tunisia,2009,117.67,2009,USD_Millions_2016_Value
788,Tunisia,2010,124.51,2010,USD_Millions_2016_Value
788,Tunisia,2011,0.79,2011,USD_Millions_2016_Value
788,Tunisia,2012,172.84,2012,USD_Millions_2016_Value
788,Tunisia,2013,8.88,2013,USD_Millions_2016_Value
788,Tunisia,2015,8.34,2015,USD_Millions_2016_Value
788,Tunisia,2016,43.43,2016,USD_Millions_2016_Value
792,Turkey,2000,126.07,2000,USD_Millions_2016_Value
792,Turkey,2001,0.01,2001,USD_Millions_2016_Value
792,Turkey,2004,123.64,2004,USD_Millions_2016_Value
792,Turkey,2005,0.33,2005,USD_Millions_2016_Value
792,Turkey,2006,0.23,2006,USD_Millions_2016_Value
792,Turkey,2007,1.56,2007,USD_Millions_2016_Value
792,Turkey,2008,62.68,2008,USD_Millions_2016_Value
792,Turkey,2009,473.97,2009,USD_Millions_2016_Value
792,Turkey,2010,270.18,2010,USD_Millions_2016_Value
792,Turkey,2011,764.45,2011,USD_Millions_2016_Value
792,Turkey,2012,265.3,2012,USD_Millions_2016_Value
792,Turkey,2013,568.91,2013,USD_Millions_2016_Value
792,Turkey,2014,509.18,2014,USD_Millions_2016_Value
792,Turkey,2015,393.99,2015,USD_Millions_2016_Value
792,Turkey,2016,1361.23,2016,USD_Millions_2016_Value
795,Turkmenistan,2009,0.03,2009,USD_Millions_2016_Value
795,Turkmenistan,2013,5.71,2013,USD_Millions_2016_Value
795,Turkmenistan,2014,0.04,2014,USD_Millions_2016_Value
795,Turkmenistan,2015,0.12,2015,USD_Millions_2016_Value
795,Turkmenistan,2016,0.08,2016,USD_Millions_2016_Value
798,Tuvalu,2008,0.03,2008,USD_Millions_2016_Value
798,Tuvalu,2009,0.01,2009,USD_Millions_2016_Value
798,Tuvalu,2010,0.52,2010,USD_Millions_2016_Value
798,Tuvalu,2011,0.01,2011,USD_Millions_2016_Value
798,Tuvalu,2012,2.2,2012,USD_Millions_2016_Value
798,Tuvalu,2013,4.58,2013,USD_Millions_2016_Value
798,Tuvalu,2014,19.92,2014,USD_Millions_2016_Value
798,Tuvalu,2015,8.24,2015,USD_Millions_2016_Value
800,Uganda,2000,25.82,2000,USD_Millions_2016_Value
800,Uganda,2001,6.36,2001,USD_Millions_2016_Value
800,Uganda,2002,3.52,2002,USD_Millions_2016_Value
800,Uganda,2003,0.61,2003,USD_Millions_2016_Value
800,Uganda,2004,0.03,2004,USD_Millions_2016_Value
800,Uganda,2005,0.07,2005,USD_Millions_2016_Value
800,Uganda,2006,0.06,2006,USD_Millions_2016_Value
800,Uganda,2007,422.62,2007,USD_Millions_2016_Value
800,Uganda,2008,18.54,2008,USD_Millions_2016_Value
800,Uganda,2009,70.65,2009,USD_Millions_2016_Value
800,Uganda,2010,27.59,2010,USD_Millions_2016_Value
800,Uganda,2011,25.65,2011,USD_Millions_2016_Value
800,Uganda,2012,22.2,2012,USD_Millions_2016_Value
800,Uganda,2013,1405.72,2013,USD_Millions_2016_Value
800,Uganda,2014,30.57,2014,USD_Millions_2016_Value
800,Uganda,2015,535.19,2015,USD_Millions_2016_Value
800,Uganda,2016,178.09,2016,USD_Millions_2016_Value
818,Egypt,2000,10.2,2000,USD_Millions_2016_Value
818,Egypt,2001,29.68,2001,USD_Millions_2016_Value
818,Egypt,2002,0.51,2002,USD_Millions_2016_Value
818,Egypt,2003,203.91,2003,USD_Millions_2016_Value
818,Egypt,2004,45.31,2004,USD_Millions_2016_Value
818,Egypt,2005,96.32,2005,USD_Millions_2016_Value
818,Egypt,2006,0.48,2006,USD_Millions_2016_Value
818,Egypt,2007,92.8,2007,USD_Millions_2016_Value
818,Egypt,2008,85.68,2008,USD_Millions_2016_Value
818,Egypt,2009,247.2,2009,USD_Millions_2016_Value
818,Egypt,2010,992.43,2010,USD_Millions_2016_Value
818,Egypt,2011,113.31,2011,USD_Millions_2016_Value
818,Egypt,2012,14.18,2012,USD_Millions_2016_Value
818,Egypt,2013,153.23,2013,USD_Millions_2016_Value
818,Egypt,2014,0.08,2014,USD_Millions_2016_Value
818,Egypt,2015,273.19,2015,USD_Millions_2016_Value
818,Egypt,2016,303.83,2016,USD_Millions_2016_Value
834,United Republic of Tanzania,2000,0.2,2000,USD_Millions_2016_Value
834,United Republic of Tanzania,2001,2.27,2001,USD_Millions_2016_Value
834,United Republic of Tanzania,2002,1.52,2002,USD_Millions_2016_Value
834,United Republic of Tanzania,2003,3.91,2003,USD_Millions_2016_Value
834,United Republic of Tanzania,2004,0.08,2004,USD_Millions_2016_Value
834,United Republic of Tanzania,2005,0.04,2005,USD_Millions_2016_Value
834,United Republic of Tanzania,2006,0.11,2006,USD_Millions_2016_Value
834,United Republic of Tanzania,2007,19.15,2007,USD_Millions_2016_Value
834,United Republic of Tanzania,2008,58.98,2008,USD_Millions_2016_Value
834,United Republic of Tanzania,2009,0.52,2009,USD_Millions_2016_Value
834,United Republic of Tanzania,2010,8.47,2010,USD_Millions_2016_Value
834,United Republic of Tanzania,2011,8.04,2011,USD_Millions_2016_Value
834,United Republic of Tanzania,2012,3.27,2012,USD_Millions_2016_Value
834,United Republic of Tanzania,2013,162.77,2013,USD_Millions_2016_Value
834,United Republic of Tanzania,2014,43.53,2014,USD_Millions_2016_Value
834,United Republic of Tanzania,2015,35.08,2015,USD_Millions_2016_Value
834,United Republic of Tanzania,2016,145.97,2016,USD_Millions_2016_Value
854,Burkina Faso,2000,0.12,2000,USD_Millions_2016_Value
854,Burkina Faso,2001,14.51,2001,USD_Millions_2016_Value
854,Burkina Faso,2002,0.02,2002,USD_Millions_2016_Value
854,Burkina Faso,2004,5.04,2004,USD_Millions_2016_Value
854,Burkina Faso,2005,15.23,2005,USD_Millions_2016_Value
854,Burkina Faso,2007,3.41,2007,USD_Millions_2016_Value
854,Burkina Faso,2008,7.58,2008,USD_Millions_2016_Value
854,Burkina Faso,2009,0.68,2009,USD_Millions_2016_Value
854,Burkina Faso,2010,1.29,2010,USD_Millions_2016_Value
854,Burkina Faso,2011,0.03,2011,USD_Millions_2016_Value
854,Burkina Faso,2012,1.42,2012,USD_Millions_2016_Value
854,Burkina Faso,2013,30.76,2013,USD_Millions_2016_Value
854,Burkina Faso,2014,36.89,2014,USD_Millions_2016_Value
854,Burkina Faso,2015,25.14,2015,USD_Millions_2016_Value
854,Burkina Faso,2016,28.1,2016,USD_Millions_2016_Value
858,Uruguay,2001,1.26,2001,USD_Millions_2016_Value
858,Uruguay,2003,22.58,2003,USD_Millions_2016_Value
858,Uruguay,2005,0,2005,USD_Millions_2016_Value
858,Uruguay,2006,0,2006,USD_Millions_2016_Value
858,Uruguay,2007,0.84,2007,USD_Millions_2016_Value
858,Uruguay,2009,6.76,2009,USD_Millions_2016_Value
858,Uruguay,2010,1.07,2010,USD_Millions_2016_Value
858,Uruguay,2011,7.45,2011,USD_Millions_2016_Value
858,Uruguay,2012,278.91,2012,USD_Millions_2016_Value
858,Uruguay,2013,200.91,2013,USD_Millions_2016_Value
858,Uruguay,2014,166.43,2014,USD_Millions_2016_Value
858,Uruguay,2015,198.83,2015,USD_Millions_2016_Value
858,Uruguay,2016,67.03,2016,USD_Millions_2016_Value
860,Uzbekistan,2004,0.21,2004,USD_Millions_2016_Value
860,Uzbekistan,2012,90.64,2012,USD_Millions_2016_Value
860,Uzbekistan,2013,189.26,2013,USD_Millions_2016_Value
860,Uzbekistan,2015,0.26,2015,USD_Millions_2016_Value
860,Uzbekistan,2016,0.67,2016,USD_Millions_2016_Value
862,Venezuela (Bolivarian Republic of),2000,0.81,2000,USD_Millions_2016_Value
862,Venezuela (Bolivarian Republic of),2004,0.02,2004,USD_Millions_2016_Value
862,Venezuela (Bolivarian Republic of),2006,778.44,2006,USD_Millions_2016_Value
862,Venezuela (Bolivarian Republic of),2009,0.18,2009,USD_Millions_2016_Value
862,Venezuela (Bolivarian Republic of),2010,1220.25,2010,USD_Millions_2016_Value
862,Venezuela (Bolivarian Republic of),2011,336.58,2011,USD_Millions_2016_Value
862,Venezuela (Bolivarian Republic of),2012,0.01,2012,USD_Millions_2016_Value
862,Venezuela (Bolivarian Republic of),2013,0.01,2013,USD_Millions_2016_Value
862,Venezuela (Bolivarian Republic of),2014,4.19,2014,USD_Millions_2016_Value
882,Samoa,2009,0,2009,USD_Millions_2016_Value
882,Samoa,2010,0.2,2010,USD_Millions_2016_Value
882,Samoa,2013,4.52,2013,USD_Millions_2016_Value
882,Samoa,2014,31.49,2014,USD_Millions_2016_Value
882,Samoa,2015,0.01,2015,USD_Millions_2016_Value
882,Samoa,2016,0,2016,USD_Millions_2016_Value
887,Yemen,2000,1.39,2000,USD_Millions_2016_Value
887,Yemen,2001,0.03,2001,USD_Millions_2016_Value
887,Yemen,2002,0,2002,USD_Millions_2016_Value
887,Yemen,2004,0.1,2004,USD_Millions_2016_Value
887,Yemen,2005,0.13,2005,USD_Millions_2016_Value
887,Yemen,2006,0.12,2006,USD_Millions_2016_Value
887,Yemen,2007,0.11,2007,USD_Millions_2016_Value
887,Yemen,2008,0.14,2008,USD_Millions_2016_Value
887,Yemen,2009,10.94,2009,USD_Millions_2016_Value
887,Yemen,2010,0.3,2010,USD_Millions_2016_Value
887,Yemen,2012,76.4,2012,USD_Millions_2016_Value
887,Yemen,2013,0.63,2013,USD_Millions_2016_Value
887,Yemen,2014,17.95,2014,USD_Millions_2016_Value
894,Zambia,2000,0.01,2000,USD_Millions_2016_Value
894,Zambia,2004,2.46,2004,USD_Millions_2016_Value
894,Zambia,2005,9.73,2005,USD_Millions_2016_Value
894,Zambia,2006,0.09,2006,USD_Millions_2016_Value
894,Zambia,2007,0.02,2007,USD_Millions_2016_Value
894,Zambia,2008,18.35,2008,USD_Millions_2016_Value
894,Zambia,2009,0.14,2009,USD_Millions_2016_Value
894,Zambia,2010,377.64,2010,USD_Millions_2016_Value
894,Zambia,2011,71.83,2011,USD_Millions_2016_Value
894,Zambia,2012,0.01,2012,USD_Millions_2016_Value
894,Zambia,2013,1.88,2013,USD_Millions_2016_Value
894,Zambia,2014,224.2,2014,USD_Millions_2016_Value
894,Zambia,2015,1685.34,2015,USD_Millions_2016_Value
894,Zambia,2016,103.89,2016,USD_Millions_2016_Value